Date,Open,High,Low,Close,Volume,Rsi,BBup,BBmid,BBlow,VolumeDelta,minterm,maxterm,mintermr,maxtermr,DivergenceSignal,Signal1,Signal2
2015-01-29,29.079999923706055,29.797500610351562,28.889999389648438,29.725000381469727,337745600,64.27818567232644,29.394048079688115,27.753393036978586,26.112737994269057,-248162800.0,False,True,False,True,0,0,0
2015-02-05,30.0049991607666,30.0575008392334,29.8125,29.985000610351562,168984800,64.40999717620856,30.822675579263134,28.571964400155203,26.32125322104727,-111614000.0,False,True,False,True,0,0,0
2015-02-23,32.505001068115234,33.25,32.415000915527344,33.25,283896400,79.24480135138069,33.43806351484882,31.156071390424454,28.874079266000084,88102800.0,False,True,False,True,0,0,0
2015-03-03,32.2400016784668,32.380001068115234,32.022499084472656,32.34000015258789,151265200,63.5050970515842,33.23065266876605,32.218035561697825,31.205418454629605,-41121600.0,False,True,False,True,1,0,0
2015-03-09,31.989999771118164,32.39250183105469,31.264999389648438,31.78499984741211,354114000,56.53680931080689,33.16079999542338,32.261606897626606,31.362413799829834,62745600.0,False,True,False,True,0,0,0
2015-03-18,31.75,32.290000915527344,31.592500686645508,32.11750030517578,261083600,58.68597232460861,32.69695021388624,31.622321265084402,30.547692316282564,56991200.0,False,True,False,True,0,0,0
2015-03-30,31.012500762939453,31.600000381469727,31.0,31.592500686645508,188398800,52.850287088551006,32.261030155765624,31.344285556248256,30.427540956730887,30214000.0,False,True,False,True,0,0,0
2015-04-06,31.11750030517578,31.877500534057617,31.082500457763672,31.837499618530273,148776000,55.31447436408011,32.25950449415678,31.453571455819265,30.64763841748175,19895600.0,False,True,False,True,0,0,0
2015-04-10,31.487499237060547,31.802499771118164,31.315000534057617,31.774999618530273,160752000,54.51261368405823,32.07408929897224,31.388571330479213,30.70305336198619,30816000.0,False,True,False,True,0,0,0
2015-04-27,33.07749938964844,33.282501220703125,32.787498474121094,33.162498474121094,387816800,66.7828441013757,32.89789458652584,31.889999662126815,30.882104737727797,209713200.0,False,True,False,True,0,0,0
2015-05-01,31.524999618530273,32.532501220703125,31.325000762939453,32.23749923706055,234050400,53.57396870812315,33.100259452275424,32.01839256286621,30.936525673456998,-98731200.0,False,True,False,True,1,0,0
2015-05-08,31.670000076293945,31.905000686645508,31.52750015258789,31.905000686645508,222201600,51.290342194811046,33.14135904953867,32.03249985831125,30.92364066708382,46438000.0,False,True,False,True,0,0,0
2015-05-18,32.095001220703125,32.68000030517578,32.09000015258789,32.54750061035156,203531600,57.7223760039534,32.66035082449628,31.807857377188547,30.955363929880818,50699600.0,False,True,False,True,-1,0,0
2015-05-22,32.900001525878906,33.24250030517578,32.849998474121094,33.1349983215332,182384000,63.26767918353882,33.224162488086286,32.0332145690918,30.84226665009731,23462400.0,False,True,False,True,0,0,0
2015-06-10,31.979999542236328,32.334999084472656,31.962499618530273,32.220001220703125,156349200,49.64969430525403,33.253403996639115,32.50678525652204,31.76016651640497,-67952400.0,False,True,False,True,1,0,0
2015-06-18,31.8075008392334,32.07749938964844,31.80500030517578,31.969999313354492,141628800,47.43204000276793,32.68283382887999,32.11053548540388,31.538237141927763,9956400.0,False,True,False,True,0,0,0
2015-06-24,31.802499771118164,32.45000076293945,31.780000686645508,32.02750015258789,221123600,49.66799496053014,32.25070564983789,31.920714105878556,31.590722561919225,100048000.0,False,True,False,True,0,0,0
2015-07-01,31.725000381469727,31.735000610351562,31.497499465942383,31.649999618530273,120955200,46.286149798037016,32.19550929902539,31.732678413391113,31.269847527756834,-56527600.0,False,True,False,True,0,0,0
2015-07-20,32.74250030517578,33.24250030517578,32.67499923706055,33.01750183105469,235600800,64.51261757407897,32.923864065830436,31.50660719190325,30.08935031797606,50942000.0,False,True,False,True,0,0,0
2015-08-10,29.13249969482422,29.997499465942383,29.13249969482422,29.93000030517578,219806400,43.722697018789994,32.018862356346354,30.116785730634415,28.214709104922477,65124800.0,False,True,False,True,1,0,0
2015-08-17,29.010000228881836,29.412500381469727,28.875,29.290000915527344,163538800,42.97744938452014,30.824514837163477,29.330535752432688,27.8365566677019,-8179200.0,False,True,False,True,0,0,0
2015-08-28,28.042499542236328,28.327499389648438,27.885000228881836,28.322500228881836,212657600,46.45293642906238,30.2991432321939,28.030000141688756,25.760857051183613,-125806800.0,False,True,False,True,0,0,0
2015-09-16,29.0625,29.135000228881836,28.860000610351562,29.102500915527344,148694000,54.78686557462983,29.370455155054756,28.141249929155624,26.91204470325649,-24670800.0,False,True,False,True,0,0,0
2015-09-21,28.417499542236328,28.842500686645508,28.415000915527344,28.802499771118164,200888000,52.4536135720425,29.491680045295436,28.205714089529856,26.919748133764276,-96253200.0,False,True,False,True,1,0,0
2015-09-24,28.3125,28.875,28.092500686645508,28.75,200878000,52.08770239925842,29.432690538569176,28.425178391592844,27.417666244616512,57851200.0,False,True,False,True,1,0,0
2015-10-06,27.657499313354492,27.934999465942383,27.4424991607666,27.827499389648438,192787200,46.435555527008674,29.135411913669532,28.104642731802805,27.073873549936078,-15471600.0,False,True,False,True,0,0,0
2015-10-09,27.5,28.06999969482422,27.372499465942383,28.030000686645508,211064400,49.525232176967364,28.88906092802856,27.92285714830671,26.956653368584863,-36854000.0,False,True,False,True,0,0,0
2015-10-15,27.732500076293945,28.024999618530273,27.622499465942383,27.96500015258789,150694000,49.43468782428587,28.216173961192492,27.70910712650844,27.202040291824385,-27155600.0,False,True,False,True,0,0,0
2015-10-23,29.174999237060547,29.8075008392334,29.082500457763672,29.770000457763672,237467600,66.45091550499717,29.293088977499785,28.108035768781388,26.92298256006299,70851200.0,False,True,False,True,0,0,0
2015-11-03,30.197500228881836,30.872499465942383,30.174999237060547,30.642499923706055,182076000,66.28627608435987,30.959345502334337,29.10035719190325,27.241368881472162,53262800.0,False,True,False,True,0,0,0
2015-11-20,29.799999237060547,29.979999542236328,29.712499618530273,29.825000762939453,137148400,56.67293547878203,31.066575103875973,29.487499918256486,27.908424732637,-36034800.0,False,True,False,True,1,0,0
2015-11-30,29.497499465942383,29.852500915527344,29.4375,29.575000762939453,156721200,53.5396052264135,30.21752120384196,29.19553565979004,28.173550115738117,104535600.0,False,True,False,True,0,0,0
2015-12-04,28.822500228881836,29.8125,28.77750015258789,29.75749969482422,231108000,55.22460368510947,30.183772935653675,29.318928446088517,28.45408395652336,64830000.0,False,True,False,True,0,0,0
2015-12-23,26.8174991607666,27.212499618530273,26.799999237060547,27.15250015258789,130629600,37.76858031541908,30.25035970095841,28.089285850524902,25.928212000091396,-528000.0,False,True,False,True,0,0,0
2015-12-29,26.739999771118164,27.357500076293945,26.71500015258789,27.184999465942383,123724800,40.71407670875644,29.08279443073865,27.518750054495676,25.9547056782527,16908000.0,False,True,False,True,-1,0,0
2016-01-22,24.657499313354492,25.364999771118164,24.592500686645508,25.354999542236328,263202000,46.16681011821386,26.074916598927636,24.747678347996303,23.42044009706497,54556000.0,False,True,False,True,1,0,0
2016-01-29,23.697500228881836,24.334999084472656,23.587499618530273,24.334999084472656,257666000,42.71004002933873,25.521925669713905,24.428214073181152,23.3345024766484,34950800.0,False,True,False,True,0,0,0
2016-02-04,23.96500015258789,24.332500457763672,23.797500610351562,24.149999618530273,185886800,43.13924447983745,25.287680549872423,24.22214276450021,23.156604979127994,2029600.0,False,True,False,True,0,0,0
2016-02-17,24.167499542236328,24.552499771118164,24.037500381469727,24.530000686645508,179452800,50.84920158300847,24.552453727914585,23.857678277151926,23.162902826389267,-16778800.0,False,True,False,True,0,0,0
2016-02-22,24.077499389648438,24.225000381469727,23.979999542236328,24.219999313354492,137123200,48.285414937803885,24.530774154658673,23.881249836512975,23.231725518367277,-4373600.0,False,True,False,True,0,0,0
2016-03-04,25.592500686645508,25.9375,25.342500686645508,25.752500534057617,184220400,63.93603666313873,25.676866553222023,24.480000223432267,23.28313389364251,36397600.0,False,True,False,True,-1,0,0
2016-03-16,26.15250015258789,26.577499389648438,26.147499084472656,26.49250030517578,153214000,69.2601986557433,26.547766793608428,25.355535915919713,24.163305038230998,-7056800.0,False,True,False,True,-1,0,-1
2016-03-22,26.3125,26.822500228881836,26.302499771118164,26.68000030517578,129777600,70.66175868942729,26.926920220209553,25.881785937717982,24.83665165522641,-12233200.0,False,True,False,True,-1,0,-1
2016-04-04,27.604999542236328,28.047500610351562,27.5674991607666,27.780000686645508,149424800,74.59907749250384,27.748241913343985,26.77196434565953,25.795686777975074,45928800.0,False,True,False,True,0,0,0
2016-04-14,27.905000686645508,28.09749984741211,27.832500457763672,28.024999618530273,101895600,68.61836003136726,28.272045150829015,27.39464282989502,26.517240508961024,-31133600.0,False,True,False,True,0,0,0
2016-05-03,23.549999237060547,23.934999465942383,23.420000076293945,23.795000076293945,227325200,27.72041823923927,28.792301531810914,25.710000038146973,22.62769854448303,34684800.0,False,True,False,True,1,0,0
2016-05-10,23.332500457763672,23.392499923706055,23.02750015258789,23.354999542236328,134747200,27.48922481366085,26.921027498893746,24.333035741533553,21.74504398417336,3001600.0,False,True,False,True,0,0,0
2016-05-26,24.920000076293945,25.1825008392334,24.65999984741211,25.102500915527344,225324800,59.56426346310555,25.125259448722982,23.66589273725237,22.20652602578176,72649600.0,False,True,False,True,0,0,0
2016-06-09,24.625,24.997499465942383,24.614999771118164,24.912500381469727,106405600,56.52977264201245,25.35555567209198,24.645357268197195,23.93515886430241,23013200.0,False,True,False,True,1,0,0
2016-06-16,24.112499237060547,24.4375,24.017499923706055,24.387500762939453,125307200,47.71246078927372,25.110555383328585,24.622857093811035,24.135158804293486,7526400.0,False,True,False,True,1,0,0
2016-06-23,23.985000610351562,24.072500228881836,23.8125,24.024999618530273,128960800,44.22736485706751,25.07035084340698,24.33142866407122,23.592506484735456,12084400.0,False,True,False,True,0,0,0
2016-07-01,23.872499465942383,24.11750030517578,23.832500457763672,23.97249984741211,104106000,48.7061823885388,24.603178350201695,23.84035723549979,23.077536120797888,-39239600.0,False,True,False,True,0,0,0
2016-07-20,25.0,25.114999771118164,24.934999465942383,24.989999771118164,105104000,64.31386334332636,25.1900611552423,24.341607230050222,23.493153304858144,9984400.0,False,True,False,True,-1,0,0
2016-08-01,26.102500915527344,26.537500381469727,26.102500915527344,26.512500762939453,152671600,72.93069333341566,26.493386001058123,25.066964285714285,23.640542570370446,41736800.0,False,True,False,True,-1,0,0
2016-08-09,27.0575008392334,27.235000610351562,27.002500534057617,27.202499389648438,105260800,74.32466242816623,27.846696185995015,25.90089293888637,23.955089691777722,-6888000.0,False,True,False,True,0,0,0
2016-08-15,27.03499984741211,27.385000228881836,27.020000457763672,27.3700008392334,103472800,73.32793054482957,27.618516340665746,26.641785894121444,25.665055447577142,28831200.0,False,True,False,True,0,0,0
2016-09-07,26.957500457763672,27.190000534057617,26.767499923706055,27.09000015258789,169457200,61.75058034525052,27.441221238981175,26.924642971583776,26.408064704186376,61935600.0,False,True,False,True,0,0,0
2016-09-15,28.46500015258789,28.9325008392334,28.372499465942383,28.892499923706055,359934400,71.60227725311661,28.33518889094594,26.888571330479213,25.441953770012486,-83620400.0,False,True,False,True,0,0,0
2016-09-22,28.587499618530273,28.735000610351562,28.5,28.655000686645508,124296000,66.70110853687525,29.553906490001168,27.560892786298478,25.567879082595788,-19716800.0,False,True,False,True,1,0,0
2016-09-28,28.422500610351562,28.65999984741211,28.357500076293945,28.487499237060547,118564400,62.654332844377016,29.76926411334311,27.977321216038295,26.18537831873348,20134800.0,False,True,False,True,0,0,0
2016-10-25,29.487499237060547,29.59000015258789,29.327499389648438,29.5625,192516000,68.66154238424875,29.80068842116089,29.177678653172084,28.55466888518328,98361200.0,False,True,False,True,0,0,0
2016-11-08,27.577499389648438,27.93000030517578,27.424999237060547,27.764999389648438,97016800,41.1032190872712,29.893234179197236,28.394821303231375,26.896408427265513,-33223200.0,False,True,False,True,0,0,0
2016-11-22,27.987499237060547,28.104999542236328,27.850000381469727,27.950000762939453,103862000,51.74604678305332,28.239623039936294,27.385535648890905,26.531448257845515,-13196400.0,False,True,False,True,-1,0,0
2016-12-21,29.200000762939453,29.350000381469727,29.19499969482422,29.264999389648438,95132800,69.09812271631549,29.794498771397905,28.43178571973528,27.069072668072657,9432800.0,False,True,False,True,0,0,0
2016-12-27,29.1299991607666,29.450000762939453,29.122499465942383,29.315000534057617,73187600,67.46942860215422,29.742042202338187,28.808750016348704,27.87545783035922,16189600.0,False,True,False,True,-1,0,0
2017-01-11,29.684999465942383,29.982500076293945,29.649999618530273,29.9375,110354400,72.83419091285091,29.90576975443163,29.30321434565953,28.70065893688743,12506000.0,False,True,False,True,0,0,0
2017-01-17,29.584999084472656,30.059999465942383,29.55500030517578,30.0,137759200,70.62961518140953,30.175294913148463,29.453571592058456,28.73184827096845,33311600.0,False,True,False,True,-1,0,0
2017-01-27,30.53499984741211,30.587499618530273,30.399999618530273,30.487499237060547,82251600,76.35601576447661,30.53624470911738,30.030892780848912,29.525540852580445,-23098800.0,False,True,False,True,-1,0,-1
2017-02-22,34.10749816894531,34.279998779296875,34.02750015258789,34.27750015258789,83347600,90.40216011900554,34.636887017825984,33.29839243207659,31.959897846327195,-14681200.0,False,True,False,True,0,0,0
2017-03-01,34.47249984741211,35.037498474121094,34.400001525878906,34.9474983215332,145658400,89.65747069788755,34.917585181666816,33.93107114519392,32.94455710872102,51726800.0,False,True,False,True,0,0,0
2017-03-29,35.91999816894531,36.122501373291016,35.79750061035156,36.029998779296875,116760000,74.58714163575712,35.95239670095699,35.20625032697405,34.46010395299111,-16739200.0,False,True,False,True,0,0,0
2017-04-04,35.8125,36.22249984741211,35.79249954223633,36.192501068115234,79565600,74.5310180457275,36.37618848781174,35.53250013078962,34.688811773767505,-377200.0,False,True,False,True,0,0,0
2017-04-25,35.977500915527344,36.224998474121094,35.967498779296875,36.13249969482422,75486000,64.46959827179064,36.21340218350581,35.62964303152902,35.04588387955223,6948800.0,False,True,False,True,0,0,0
2017-05-02,36.8849983215332,37.022499084472656,36.709999084472656,36.877498626708984,181408800,71.58658706513224,36.77011749452146,35.797321047101704,34.82452459968195,46997200.0,False,True,False,True,-1,0,0
2017-05-09,38.467498779296875,38.720001220703125,38.36249923706055,38.497501373291016,156521600,80.45613370838332,38.33237512842892,36.56499971662249,34.797624304816054,-38488000.0,False,True,False,True,-1,0,-1
2017-05-12,38.67499923706055,39.10499954223633,38.66749954223633,39.025001525878906,130108000,80.69904419556879,39.32406253694524,37.18928527832031,35.05450801969538,21087600.0,False,True,False,True,0,0,0
2017-05-22,38.5,38.64500045776367,38.227500915527344,38.497501373291016,91865600,63.87187334203206,39.58356310867099,38.10482134137835,36.62607957408571,-15977600.0,False,True,False,True,0,0,0
2017-06-02,38.39500045776367,38.86249923706055,38.22249984741211,38.86249923706055,111082800,65.41774651123986,39.0757416823806,38.40517807006836,37.734614457756116,45466400.0,False,True,False,True,0,0,0
2017-06-07,38.755001068115234,38.994998931884766,38.619998931884766,38.842498779296875,84278400,62.829938914236685,38.85934015192082,38.44678497314453,38.034229794368244,-22221200.0,False,True,False,True,1,0,0
2017-06-19,35.915000915527344,36.685001373291016,35.915000915527344,36.584999084472656,130165600,42.82826572459867,39.7967870187398,37.48535646711077,35.17392591548174,-71278800.0,False,True,False,True,0,0,0
2017-06-23,36.282501220703125,36.790000915527344,36.27750015258789,36.56999969482422,141757600,44.053037224967376,38.93903310732813,36.90446390424456,34.86989470116099,65332400.0,False,True,False,True,0,0,0
2017-06-28,36.122501373291016,36.52750015258789,35.790000915527344,36.45750045776367,88329600,44.765181077406844,37.11530589316113,36.378928320748464,35.6425507483358,-10718000.0,False,True,False,True,0,0,0
2017-07-19,37.619998931884766,37.85499954223633,37.48749923706055,37.755001068115234,83692000,63.12256750743005,37.87860264659628,36.53571401323591,35.19282537987554,12216800.0,False,True,False,True,-1,0,0
2017-07-26,38.337501525878906,38.48249816894531,38.26499938964844,38.3650016784668,63124000,68.13918990614637,38.700486843776396,37.26571437290737,35.83094190203834,-12291600.0,False,True,False,True,-1,0,-1
2017-08-02,39.81999969482422,39.9375,39.040000915527344,39.28499984741211,279747200,68.82603809285419,38.83084148218559,37.760357175554546,36.6898728689235,138272800.0,False,True,False,True,-1,0,0
2017-08-09,39.814998626708984,40.317501068115234,39.77750015258789,40.26499938964844,104526000,72.25998811325289,40.50297333831581,38.50803593226841,36.513098526221015,-40297600.0,False,True,False,True,0,0,0
2017-08-15,40.165000915527344,40.54999923706055,40.03499984741211,40.400001525878906,117862000,65.71566796502356,41.12346167119829,38.96678597586496,36.810110280531624,29371200.0,False,True,False,True,0,0,0
2017-08-23,39.76750183105469,40.11750030517578,39.720001220703125,39.994998931884766,77596400,60.09034595413674,40.63192555782118,39.71196447099958,38.79200338417799,-8822000.0,False,True,False,True,0,0,0
2017-09-01,41.20000076293945,41.23500061035156,40.907501220703125,41.01250076293945,66364400,67.09085333293967,41.29353857730697,40.174821853637695,39.05610512996842,-40776000.0,False,True,False,True,0,0,0
2017-09-15,39.61750030517578,40.24250030517578,39.5,39.970001220703125,196458400,51.54417636599895,41.23738630572636,40.35410744803293,39.470828590339494,101415600.0,False,True,False,True,0,0,0
2017-10-17,39.94499969482422,40.217498779296875,39.807498931884766,40.11750030517578,75989200,63.19344146375787,40.0001956685365,38.95517839704241,37.91016112554832,-20496800.0,False,True,False,True,-1,0,0
2017-10-31,41.974998474121094,42.412498474121094,41.73500061035156,42.2599983215332,144187200,74.57623654066732,41.86532452950549,39.84339305332729,37.82146157714909,-34616000.0,False,True,False,True,-1,0,-1
2017-11-08,43.665000915527344,44.060001373291016,43.58250045776367,44.060001373291016,97638000,78.3278988934416,44.99142543907658,41.33839307512556,37.68536071117454,192000.0,False,True,False,True,0,0,0
2017-11-24,43.775001525878906,43.875,43.662498474121094,43.74250030517578,56106800,65.80685928021796,44.4419102475079,43.29535729544504,42.148804343382174,-46248800.0,False,True,False,True,1,0,0
2017-12-11,42.29999923706055,43.22249984741211,42.1974983215332,43.16749954223633,141095200,57.9663470321014,43.96391314619229,42.90035738263811,41.836801619083936,47674400.0,False,True,False,True,0,0,0
2017-12-18,43.720001220703125,44.29999923706055,43.71500015258789,44.10499954223633,117684400,65.77707595506952,43.859147745745176,42.835178647722515,41.81120954969985,-42992800.0,False,True,False,True,0,0,0
2018-01-05,43.36000061035156,43.842498779296875,43.26250076293945,43.75,94640000,58.89360825879907,44.3039593285206,43.27321406773159,42.242468806942576,4901600.0,False,True,False,True,0,0,0
2018-01-18,44.842498779296875,45.025001525878906,44.5625,44.814998626708984,124773600,67.18876874078245,44.996660247609135,43.619999749319895,42.243339251030655,-12773600.0,False,True,False,True,0,0,0
2018-02-01,41.79249954223633,42.154998779296875,41.689998626708984,41.94499969482422,188923200,35.765774362324485,45.67595550511174,43.41285705566406,41.14975860621639,59007600.0,False,True,False,True,0,0,0
2018-02-06,38.70750045776367,40.93000030517578,38.5,40.75749969482422,272975200,37.79170623215948,45.814124633504896,42.477857044764924,39.14158945602495,-17978800.0,False,True,False,True,0,0,0
2018-02-15,42.4474983215332,43.272499084472656,42.25,43.247501373291016,204588800,57.70423371253338,43.42591873619818,40.86910711015974,38.3122954841213,42009200.0,False,True,False,True,-1,0,0
2018-02-26,44.087501525878906,44.84749984741211,44.0525016784668,44.74250030517578,152648800,64.53124504460304,45.38608440001386,41.85464286804199,38.32320133607013,17399200.0,False,True,False,True,0,0,0
2018-03-05,43.8025016784668,44.435001373291016,43.630001068115234,44.20500183105469,113605600,59.1662859446107,45.45541706219633,43.42071451459612,41.38601196699591,-40210400.0,False,True,False,True,0,0,0
2018-03-12,45.0724983215332,45.59749984741211,45.0525016784668,45.43000030517578,128828400,65.3360028359033,45.513496183244364,44.15928595406668,42.805075724889,87600.0,False,True,False,True,0,0,0
2018-03-26,42.01750183105469,43.275001525878906,41.61000061035156,43.192501068115234,150164800,48.52888432991653,46.14153762107353,43.877143314906526,41.61274900873952,-13950400.0,False,True,False,True,0,0,0
2018-04-05,43.14500045776367,43.557498931884766,43.02000045776367,43.20000076293945,107732800,51.60196545837585,44.517667802275696,42.65125029427664,40.78483278627759,-30689200.0,False,True,False,True,-1,0,0
2018-04-17,44.122501373291016,44.73500061035156,44.102500915527344,44.560001373291016,106421600,60.04641403833604,44.618278018923306,42.87125015258789,41.124222286252476,20108000.0,False,True,False,True,-1,0,0
2018-05-10,46.935001373291016,47.592498779296875,46.912498474121094,47.5099983215332,111957200,72.31249872530073,48.64469360719466,43.54696464538574,38.44923568357682,19112400.0,False,True,False,True,0,0,0
2018-05-25,47.057498931884766,47.412498474121094,46.912498474121094,47.14500045776367,69844000,64.8810437192466,47.45055931385105,46.928392682756694,46.40622605166234,-23092000.0,False,True,False,True,0,0,0
2018-06-06,48.407501220703125,48.52000045776367,47.97999954223633,48.494998931884766,83734400,71.519472894543,48.41397082532624,47.22874995640346,46.043529087480685,-2529600.0,False,True,False,True,0,0,0
2018-06-12,47.84749984741211,48.15250015258789,47.787498474121094,48.06999969482422,67644400,64.12744398527808,48.7786067222948,47.59624971662249,46.41389271095017,-5589600.0,False,True,False,True,1,0,0
2018-07-02,45.95500183105469,46.82500076293945,45.85499954223633,46.79499816894531,70925200,52.04153552783478,47.82605882297503,46.61071423121861,45.39536963946219,-20025600.0,False,True,False,True,0,0,0
2018-07-09,47.375,47.66999816894531,47.32500076293945,47.64500045776367,79026400,59.30311741095691,47.37886312628212,46.410535539899556,45.44220795351699,9085600.0,False,True,False,True,0,0,0
2018-07-19,47.42250061035156,48.13750076293945,47.42250061035156,47.970001220703125,81147200,59.15143638207798,48.52968720846444,47.23910713195801,45.94852705545158,15573600.0,False,True,False,True,-1,0,0
2018-07-25,48.26499938964844,48.712501525878906,48.10749816894531,48.70500183105469,66839600,65.24047685772591,48.60778537507178,47.76160757882254,46.915429782573305,-7952000.0,False,True,False,True,-1,0,-1
2018-08-06,52.0,52.3125,51.76750183105469,52.26750183105469,101701600,77.11348194270498,52.471406999230574,49.00875037057059,45.5460937419106,-32088000.0,False,True,False,True,0,0,0
2018-08-09,52.38249969482422,52.44499969482422,51.79999923706055,52.220001220703125,93970400,73.77060692215682,53.76503899707127,49.89303616115025,46.021033325229226,3868400.0,False,True,False,True,0,0,0
2018-08-17,53.36000061035156,54.48749923706055,53.290000915527344,54.39500045776367,141708000,80.10000393263668,54.85474106559235,51.906607491629465,48.95847391766658,27706400.0,False,True,False,True,-1,0,0
2018-09-04,57.102500915527344,57.29499816894531,56.657501220703125,57.09000015258789,109560400,84.91172602738915,57.27651694823119,54.64250046866281,52.00848398909443,-63800000.0,False,True,False,True,0,0,0
2018-09-13,55.880001068115234,57.087501525878906,55.64250183105469,56.602500915527344,166825600,64.97208029684862,57.54596767166176,55.69160761151995,53.83724755137814,-30289200.0,False,True,False,True,0,0,0
2018-10-03,57.51250076293945,58.36750030517578,57.44499969482422,58.01750183105469,114619200,67.9908038836976,57.89102341156967,55.69142859322684,53.49183377488401,15466400.0,False,True,False,True,0,0,0
2018-10-09,55.90999984741211,56.817501068115234,55.5625,56.717498779296875,107564000,56.96104119821418,58.06883086082507,56.13053567068918,54.19224048055329,-11091600.0,False,True,False,True,1,0,0
2018-10-16,54.73249816894531,55.747501373291016,54.189998626708984,55.537498474121094,116736000,50.915970556474285,58.412156259284515,55.97589274815151,53.5396292370185,-6428000.0,False,True,False,True,0,0,0
2018-10-23,53.95750045776367,55.8125,53.67499923706055,55.682498931884766,155071200,52.15952064655176,57.22143573459812,55.27232115609305,53.32320657758798,39902800.0,False,True,False,True,-1,0,0
2018-11-01,54.76250076293945,55.59000015258789,54.20249938964844,55.55500030517578,233292800,53.08680593891445,56.22606509112798,54.593214307512554,52.96036352389713,79857200.0,False,True,False,True,1,0,0
2018-11-07,51.49250030517578,52.51499938964844,51.032501220703125,52.48749923706055,133697600,44.86685538637792,56.89608197426472,53.630178451538086,50.364274928811454,6166000.0,False,True,False,True,1,0,0
2018-11-16,47.625,48.74250030517578,47.3650016784668,48.38249969482422,147713200,37.70682872659042,56.05105959842971,50.86196436200823,45.67286912558675,-38202000.0,False,True,False,True,1,0,0
2018-11-28,44.182498931884766,45.3224983215332,43.73249816894531,45.23500061035156,184250000,37.233080683387676,52.13670868748194,46.657321384974885,41.17793408246783,18700400.0,False,True,False,True,0,0,0
2018-12-03,46.1150016784668,46.23500061035156,45.3025016784668,46.20500183105469,163210000,42.77965217508177,48.92404931117676,45.51125008719308,42.09845086320941,5084000.0,False,True,False,True,0,0,0
2018-12-13,42.622501373291016,43.14250183105469,42.38750076293945,42.73749923706055,127594400,35.956551888291045,46.07944504487727,43.628929138183594,41.17841323148992,-14916400.0,False,True,False,True,1,0,0
2018-12-18,41.345001220703125,41.88249969482422,41.09749984741211,41.51750183105469,135366000,34.171772433987016,46.30186545696278,43.170715059552876,40.03956466214297,-41785600.0,False,True,False,True,0,0,0
2018-12-26,37.07500076293945,39.307498931884766,36.68000030517578,39.29249954223633,234330000,36.44970237495774,44.76536857710287,40.8826789855957,36.99998939408854,85653200.0,False,True,False,True,0,0,0
2019-01-02,38.72249984741211,39.712501525878906,38.557498931884766,39.47999954223633,148158800,38.07079660664678,43.20424865825281,39.92910712105887,36.65396558386493,8144800.0,False,True,False,True,-1,0,0
2019-01-10,38.125,38.49250030517578,37.71500015258789,38.45000076293945,143122800,41.70570517796283,40.4944249174423,38.13999966212681,35.78557440681132,-37273600.0,False,True,False,True,0,0,0
2019-01-18,39.375,39.470001220703125,38.994998931884766,39.20500183105469,135004000,47.26636148993315,40.23542577019662,38.12285723005022,36.010288689903824,15719200.0,False,True,False,True,-1,0,0
2019-01-25,38.869998931884766,39.532501220703125,38.58000183105469,39.439998626708984,134142000,49.965915174808025,39.59591133384053,38.32946423121861,37.063017128596684,32376000.0,False,True,False,True,-1,0,0
2019-02-06,43.662498474121094,43.89250183105469,43.212501525878906,43.560001373291016,112958400,66.8226730511406,44.181417878426835,40.343214307512554,36.50501073659827,-31448000.0,False,True,False,True,0,0,0
2019-02-12,42.525001525878906,42.75,42.42499923706055,42.72249984741211,89134000,60.479487972126265,45.00519429599864,41.44624982561384,37.88730535522904,5160400.0,False,True,False,True,0,0,0
2019-03-04,43.92250061035156,44.4375,43.49250030517578,43.962501525878906,109744800,64.84945178746744,44.09682797337649,43.154999596732004,42.21317122008752,6200000.0,False,True,False,True,-1,0,0
2019-03-21,47.505001068115234,49.08250045776367,47.45249938964844,48.772499084472656,204136800,80.46532611519017,48.642736399514355,45.36571448189871,42.08869256428307,79996000.0,False,True,False,True,0,0,0
2019-04-23,51.10749816894531,51.9375,50.974998474121094,51.869998931884766,93292000,80.4505107069403,51.71994568372659,50.063571384974885,48.40719708622318,15534000.0,False,True,False,True,0,0,0
2019-05-15,46.567501068115234,47.9375,46.505001068115234,47.72999954223633,106178800,40.2851049477882,54.24876381513403,50.32928548540388,46.409807155673725,-39940000.0,False,True,False,True,1,0,0
2019-05-30,44.48749923706055,44.807498931884766,44.16749954223633,44.57500076293945,84873600,32.35229480102143,49.064383378777244,46.18875013078962,43.313116882802,-29051200.0,False,True,False,True,0,0,0
2019-06-11,48.71500015258789,49.0,48.400001525878906,48.70249938964844,107731600,59.66450496390912,48.63627298202452,45.51125008719308,42.386227192361645,2848000.0,False,True,False,True,-1,0,0
2019-06-20,50.092498779296875,50.15250015258789,49.50749969482422,49.8650016784668,86056000,64.03729142267376,51.36625270915289,47.660535539899556,43.95481837064622,1559200.0,False,True,False,True,-1,0,0
2019-07-03,50.81999969482422,51.11000061035156,50.67250061035156,51.102500915527344,45448000,66.29946205908223,51.19112373765278,49.66946465628488,48.14780557491698,-22292800.0,False,True,False,True,0,0,0
2019-07-15,51.022499084472656,51.467498779296875,51.0,51.3025016784668,67789600,63.10710522474403,51.663283611669776,50.36964334760393,49.07600308353809,-2591200.0,False,True,False,True,-1,0,0
2019-07-23,52.1150016784668,52.227500915527344,51.8224983215332,52.209999084472656,73420800,64.28671778872828,52.11385857186606,50.991964612688335,49.87007065351061,-15690800.0,False,True,False,True,-1,0,0
2019-07-31,54.10499954223633,55.342498779296875,52.82500076293945,53.2599983215332,277125600,67.64034293159219,53.11440708853526,51.70714296613421,50.299878843733154,141382800.0,False,True,False,True,0,0,0
2019-08-08,50.04999923706055,50.88249969482422,49.84749984741211,50.85749816894531,108038000,50.777648523979494,54.01221469511917,51.36160659790039,48.71099850068161,-25419600.0,False,True,False,True,0,0,0
2019-08-13,50.255001068115234,53.03499984741211,50.119998931884766,52.24250030517578,188874000,57.187694496174316,53.81468902483393,51.106428146362305,48.39816726789068,98946400.0,False,True,False,True,-1,0,0
2019-08-21,53.247501373291016,53.412498474121094,52.900001525878906,53.15999984741211,86141600,59.84665332383366,53.5964881058979,50.92160715375628,48.246726201614656,-21395600.0,False,True,False,True,0,0,0
2019-08-29,52.125,52.33000183105469,51.665000915527344,52.252498626708984,83962000,54.283676054060095,53.6116145641916,51.68000030517578,49.748386046159965,20206800.0,False,True,False,True,0,0,0
2019-09-11,54.51750183105469,55.9275016784668,54.432498931884766,55.897499084472656,177158400,68.23325458134259,55.310006222107184,52.58785711015974,49.865707998212294,50046800.0,False,True,False,True,0,0,0
2019-09-18,55.26499938964844,55.712501525878906,54.86000061035156,55.692501068115234,101360000,64.40086529204244,56.80340028617768,53.90803527832031,51.01267027046295,28085200.0,False,True,False,True,1,0,0
2019-09-25,54.63750076293945,55.375,54.28499984741211,55.25749969482422,87613600,59.61160277293936,56.31673467880865,54.804463795253206,53.29219291169776,-37149600.0,False,True,False,True,0,0,0
2019-10-01,56.26750183105469,57.05500030517578,56.04999923706055,56.147499084472656,139223200,62.91091308040871,56.24239739943131,55.1535712650844,54.06474513073749,35313600.0,False,True,False,True,0,0,0
2019-10-07,56.567501068115234,57.48249816894531,56.459999084472656,56.76499938964844,122306000,62.662069718715685,56.89378434672332,55.35732160295759,53.82085885919186,-16172800.0,False,True,False,True,-1,0,0
2019-10-11,58.23749923706055,59.40999984741211,58.07749938964844,59.0525016784668,166795600,69.73039354621089,58.499531420970484,56.0278570992606,53.55618277755072,53782000.0,False,True,False,True,-1,0,0
2019-10-28,61.85499954223633,62.3125,61.68000030517578,62.26250076293945,96572800,78.46140366683638,62.4674618664413,59.52571432931082,56.58396679218035,23095600.0,False,True,False,True,0,0,0
2019-11-04,64.3324966430664,64.4625015258789,63.845001220703125,64.375,103272000,76.96756960094912,64.39080065022635,61.02767835344587,57.6645560566654,-47853200.0,False,True,False,True,-1,0,-1
2019-11-18,66.44999694824219,66.85749816894531,66.05750274658203,66.7750015258789,86703200,79.25504533825335,67.82638635355639,64.70375061035156,61.58111486714673,-13503200.0,False,True,False,True,0,0,0
2019-12-06,66.87000274658203,67.75,66.82499694824219,67.67749786376953,106075600,66.32101004345269,67.66703577780959,66.21000017438617,64.75296457096275,31651200.0,False,True,False,True,-1,0,0
2019-12-17,69.89250183105469,70.44249725341797,69.69999694824219,70.10250091552734,114158400,72.55861220899025,70.26063522317348,67.31749943324498,64.37436364331647,-14027600.0,False,True,False,True,-1,0,-1
2020-01-02,74.05999755859375,75.1500015258789,73.79750061035156,75.0875015258789,135480400,84.58373654331848,74.8556116557979,71.06392724173409,67.27224282767028,34674800.0,False,True,False,True,-1,0,0
2020-01-13,77.91000366210938,79.26750183105469,77.7874984741211,79.23999786376953,121532000,85.41700139549354,79.19490920032355,74.45053482055664,69.70616044078973,-19112800.0,False,True,False,True,0,0,0
2020-01-17,79.06749725341797,79.68499755859375,78.75,79.68250274658203,137816400,78.75696127288589,80.7302672472886,76.41499928065709,72.09973131402558,28987200.0,False,True,False,True,0,0,0
2020-01-23,79.4800033569336,79.88999938964844,78.9124984741211,79.80750274658203,104472000,76.40249218830914,81.38124644210679,77.62892859322685,73.8766107443469,2639600.0,False,True,False,True,0,0,0
2020-01-29,81.11250305175781,81.9625015258789,80.34500122070312,81.08499908447266,216229200,70.23272225196277,81.01167706204667,78.8875002179827,76.76332337391874,53995200.0,False,True,False,True,0,0,0
2020-02-06,80.64250183105469,81.30500030517578,80.06500244140625,81.30249786376953,105425600,64.01822595303865,82.06710907051705,79.4476797921317,76.82825051374634,-13401200.0,False,True,False,True,0,0,0
2020-02-12,80.36750030517578,81.80500030517578,80.36750030517578,81.80000305175781,113730400,63.00395457741703,82.63983364868699,79.73625019618443,76.83266674368187,19407200.0,False,True,False,True,0,0,0
2020-03-04,74.11000061035156,75.8499984741211,73.28250122070312,75.68499755859375,219178400,49.33178240232292,84.56842855739652,75.75803429739815,66.9476400373998,-100297200.0,False,True,False,True,1,0,0
2020-03-13,66.22250366210938,69.9800033569336,63.23749923706055,69.49250030517578,370732000,45.42647163070272,77.53187896100707,70.59946359906878,63.6670482371305,-47742000.0,False,True,False,True,0,0,0
2020-03-26,61.630001068115234,64.66999816894531,61.59000015258789,64.61000061035156,252087200,46.699408980714416,71.84385748873683,63.28767885480608,54.73150022087533,-51514800.0,False,True,False,True,0,0,0
2020-04-14,70.0,72.0625,69.51249694824219,71.76249694824219,194994800,59.29119206004712,70.74689941576473,64.36267825535366,57.978457094942584,63972000.0,False,True,False,True,-1,0,0
2020-04-30,72.48999786376953,73.63249969482422,72.0875015258789,73.44999694824219,183064000,60.58278049301001,73.58256509592682,70.30178506033761,67.02100502474839,45783200.0,False,True,False,True,-1,0,0
2020-05-11,77.0250015258789,79.26249694824219,76.80999755859375,78.75250244140625,145946400,68.85704257425766,78.9720395494876,72.9764289855957,66.9808184217038,12108000.0,False,True,False,True,0,0,0
2020-05-20,79.16999816894531,79.87999725341797,79.12999725341797,79.80750274658203,111504800,67.07398502324813,80.89161663040964,76.65964344569615,72.42767026098265,9775200.0,False,True,False,True,-1,0,0
2020-06-10,86.9749984741211,88.69249725341797,86.52249908447266,88.20999908447266,166651600,80.3150771924003,86.75390145504213,81.44982147216797,76.14574148929381,18939200.0,False,True,False,True,0,0,0
2020-06-16,87.86499786376953,88.30000305175781,86.18000030517578,88.0199966430664,165428800,69.98201270185314,88.98539398165313,83.22107042585101,77.45674687004889,26620000.0,False,True,False,True,0,0,0
2020-06-23,91.0,93.09500122070312,90.56749725341797,91.63249969482422,212155600,74.80748931767903,92.01456177901059,86.29142761230469,80.56829344559878,76710400.0,False,True,False,True,0,0,0
2020-06-30,90.0199966430664,91.49500274658203,90.0,91.19999694824219,140223200,65.55100035939941,93.12840317443849,88.45214189801898,83.77588062159947,9577200.0,False,True,False,True,0,0,0
2020-07-15,98.98999786376953,99.24749755859375,96.48999786376953,97.7249984741211,153198000,75.08328003778708,98.89357339592227,93.37339237758091,87.85321135923955,-17791200.0,False,True,False,True,0,0,0
2020-07-20,96.4175033569336,98.5,96.0625,98.35749816894531,90318000,72.46570090633298,99.67320214593883,94.88374928065709,90.09429641537534,-1868800.0,False,True,False,True,-1,0,-1
2020-08-06,110.40499877929688,114.4124984741211,109.79750061035156,113.90249633789062,202428800,80.46963482665367,114.99112262654513,100.44357136317662,85.8960200998081,80652000.0,False,True,False,True,0,0,0
2020-08-13,114.43000030517578,116.0425033569336,113.92749786376953,115.01000213623047,210082000,71.6568507343325,121.65352028416154,106.38250078473773,91.11148128531391,44484000.0,False,True,False,True,-1,0,0
2020-09-01,132.75999450683594,134.8000030517578,130.52999877929688,134.17999267578125,151948100,81.88681869629795,134.14926577254877,122.04874910627093,109.9482324399931,-73754600.0,False,True,False,True,0,0,0
2020-09-15,118.33000183105469,118.83000183105469,113.61000061035156,115.54000091552734,184642000,48.76798304770744,135.3710328486667,121.38071278163365,107.39039271460061,44491900.0,False,True,False,True,1,0,0
2020-09-22,112.68000030517578,112.86000061035156,109.16000366210938,111.80999755859375,183055400,46.29025235601649,126.92249792570756,115.06928416660854,103.21607040750952,-12658400.0,False,True,False,True,0,0,0
2020-10-01,117.63999938964844,117.72000122070312,115.83000183105469,116.79000091552734,116120400,54.1891842824038,118.67503398702061,112.24071339198521,105.80639279694981,-26554800.0,False,True,False,True,-1,0,0
2020-10-12,120.05999755859375,125.18000030517578,119.27999877929688,124.4000015258789,240226800,62.67186446697257,122.43330661315849,114.526428767613,106.6195509220675,139719900.0,False,True,False,True,0,0,0
2020-10-27,115.48999786376953,117.27999877929688,114.54000091552734,116.5999984741211,92276800,50.588796452967365,123.53096198799341,117.94000080653599,112.34903962507857,-19573900.0,False,True,False,True,0,0,0
2020-11-05,117.94999694824219,119.62000274658203,116.87000274658203,119.02999877929688,126387100,55.96479460677969,120.63214113915757,114.38357162475586,108.13500211035415,-11848400.0,False,True,False,True,-1,0,0
2020-11-11,117.19000244140625,119.62999725341797,116.44000244140625,119.48999786376953,112295000,56.17947457159021,121.57796352522668,114.69499969482422,107.81203586442176,-25728400.0,False,True,False,True,-1,0,0
2020-11-16,118.91999816894531,120.98999786376953,118.1500015258789,120.30000305175781,91183000,57.3851424150818,123.56064768183329,115.55785696847099,107.55506625510868,9601100.0,False,True,False,True,-1,0,0
2020-12-02,122.0199966430664,123.37000274658203,120.88999938964844,123.08000183105469,89004200,61.92079270830572,123.49679643604301,118.47571400233677,113.45463156863053,-38724000.0,False,True,False,True,-1,0,0
2020-12-08,124.37000274658203,124.9800033569336,123.08999633789062,124.37999725341797,82225500,63.48792285407284,126.39040525084617,119.5585708618164,112.72673647278664,-4486500.0,False,True,False,True,-1,0,0
2020-12-17,128.89999389648438,129.5800018310547,128.0399932861328,128.6999969482422,94359800,67.03011554872383,128.90019493663598,123.69785690307617,118.49551886951636,-3848800.0,False,True,False,True,-1,0,-1
2020-12-28,133.99000549316406,137.33999633789062,133.50999450683594,136.69000244140625,124486200,73.59795238128092,136.0358875618896,127.45500019618443,118.87411283047925,69556100.0,False,True,False,True,0,0,0
2021-01-08,132.42999267578125,132.6300048828125,130.22999572753906,132.0500030517578,105158200,57.633667724029245,136.81308758813373,131.26142937796456,125.70977116779538,-4420000.0,False,True,False,True,1,0,0
2021-01-13,128.75999450683594,131.4499969482422,128.49000549316406,130.88999938964844,88636800,55.074755345870365,136.4191377275926,131.39714322771346,126.3751487278343,-3314300.0,False,True,False,True,0,0,0
2021-01-26,143.60000610351562,144.3000030517578,141.3699951171875,143.16000366210938,98390600,69.87933524849184,143.46218794092243,132.58357184273856,121.7049557445547,-59221100.0,False,True,False,True,0,0,0
2021-02-04,136.3000030517578,137.39999389648438,134.58999633789062,137.38999938964844,84183100,56.611664234954475,145.53105060306743,135.75642939976282,125.9818081964582,-5697800.0,False,True,False,True,1,0,0
2021-03-01,123.75,127.93000030517578,122.79000091552734,127.79000091552734,116307900,45.49054991215194,139.40798241539974,129.48285675048828,119.5577310855768,-48252500.0,False,True,False,True,0,0,0
2021-03-16,125.69999694824219,127.22000122070312,124.72000122070312,125.56999969482422,115227900,50.061867112350455,127.47807984682652,122.05357088361468,116.62906192040285,22824100.0,False,True,False,True,1,0,0
2021-03-22,120.33000183105469,123.87000274658203,120.26000213623047,123.38999938964844,111912300,47.82204279671218,126.11295010922042,121.58999906267438,117.06704801612834,-73637200.0,False,True,False,True,0,0,0
2021-04-19,133.50999450683594,135.47000122070312,133.33999633789062,134.83999633789062,94264200,64.42798914019625,139.05528605904638,129.25857162475586,119.46185719046534,9341800.0,False,True,False,True,0,0,0
2021-04-26,134.8300018310547,135.05999755859375,133.55999755859375,134.72000122070312,66905100,61.56718248931606,136.70998409408386,132.86071504865373,129.0114460032236,-11752400.0,False,True,False,True,1,0,0
2021-05-07,130.85000610351562,131.25999450683594,129.47999572753906,130.2100067138672,78973300,49.64891540556853,136.4726482345979,132.0671446663993,127.66164109820069,845000.0,False,True,False,True,1,0,0
2021-05-14,126.25,127.88999938964844,125.8499984741211,127.44999694824219,81918000,46.897011831141576,136.07416386003888,129.23571504865373,122.39726623726857,-23943300.0,False,True,False,True,0,0,0
2021-06-14,127.81999969482422,130.5399932861328,127.06999969482422,130.47999572753906,96906500,60.273642789312106,129.41626755168454,126.1514276776995,122.88658780371446,43384100.0,False,True,False,True,-1,0,0
2021-06-22,132.1300048828125,134.0800018310547,131.6199951171875,133.97999572753906,74783600,65.49934429943896,134.45323287517644,128.67571313040597,122.89819338563548,-4879700.0,False,True,False,True,-1,0,-1
2021-07-14,148.10000610351562,149.57000732421875,147.67999267578125,149.14999389648438,127050800,80.835363520281,150.33244960960158,140.43214525495256,130.53184090030354,26223700.0,False,True,False,True,0,0,0
2021-07-26,148.27000427246094,149.8300018310547,147.6999969482422,148.99000549316406,72434100,67.81020451723361,150.17405931206133,146.10214233398438,142.03022535590742,986700.0,False,True,False,True,1,0,0
2021-08-03,145.80999755859375,148.0399932861328,145.17999267578125,147.36000061035156,64786600,61.209460578119035,149.64401224350004,146.38214220319475,143.12027216288945,1906600.0,False,True,False,True,0,0,0
2021-08-16,148.5399932861328,151.19000244140625,146.47000122070312,151.1199951171875,103296000,68.61507910259927,150.21166583200716,146.8692855834961,143.52690533498503,43921000.0,False,True,False,True,0,0,0
2021-08-23,148.30999755859375,150.19000244140625,147.88999938964844,149.7100067138672,60131800,60.085344755909574,151.1812990790387,147.71142905099052,144.24155902294234,-417800.0,False,True,False,True,0,0,0
2021-08-30,149.0,153.49000549316406,148.61000061035156,153.1199951171875,90956700,65.70428121905803,152.54445260307875,148.8114286150251,145.07840462697146,35154300.0,False,True,False,True,-1,0,0
2021-09-07,154.97000122070312,157.25999450683594,154.38999938964844,156.69000244140625,82278300,70.46992627844662,156.62175123229886,150.51285661969865,144.40396200709844,24469600.0,False,True,False,True,0,0,0
2021-09-24,145.66000366210938,147.47000122070312,145.55999755859375,146.9199981689453,53477900,46.67895079891142,156.6266897672869,148.74000004359655,140.8533103199062,-11360300.0,False,True,False,True,1,0,0
2021-10-07,143.05999755859375,144.22000122070312,142.72000122070312,143.2899932861328,61732700,45.35015107551804,147.61483430056188,143.26928492954798,138.92373555853408,-21488400.0,False,True,False,True,0,0,0
2021-10-21,148.80999755859375,149.63999938964844,147.8699951171875,149.47999572753906,61421000,61.5180453495646,150.40282256709392,144.0228543962751,137.6428862254563,3002200.0,False,True,False,True,-1,0,0
2021-10-28,149.82000732421875,153.1699981689453,149.72000122070312,152.57000732421875,100077900,66.98366739685994,153.6059482402355,146.85357121058874,140.10119418094197,43983000.0,False,True,False,True,0,0,0
2021-11-03,150.38999938964844,151.97000122070312,149.82000732421875,151.49000549316406,54511500,60.88783016449224,152.65490408476367,149.08785901750838,145.52081395025309,-14610500.0,False,True,False,True,0,0,0
2021-11-24,160.75,162.13999938964844,159.63999938964844,161.94000244140625,69463600,76.57501141852457,164.26955396751237,153.97071511404855,143.67187626058472,-26578300.0,False,True,False,True,0,0,0
2021-11-30,159.99000549316406,165.52000427246094,159.9199981689453,165.3000030517578,174048100,71.31168899819892,167.48663331588028,156.10071563720703,144.71479795853378,85299900.0,False,True,False,True,-1,0,0
2021-12-10,175.2100067138672,179.6300048828125,174.69000244140625,179.4499969482422,115402700,78.6932519595078,178.64602762916002,165.90571485246932,153.16540207577862,6479000.0,False,True,False,True,0,0,0
2021-12-15,175.11000061035156,179.5,172.30999755859375,179.3000030517578,131063300,71.85111113012263,183.3702337937959,169.120000566755,154.86976733971412,-8317100.0,False,True,False,True,1,0,0
2021-12-27,177.08999633789062,180.4199981689453,177.07000732421875,180.3300018310547,74919600,66.89040785730501,181.1446651250707,174.85928562709265,168.5739061291146,6563000.0,False,True,False,True,0,0,0
2022-01-03,177.8300018310547,182.8800048828125,177.7100067138672,182.00999450683594,104487900,66.60003109106961,183.54249972885484,176.3192858014788,169.09607187410276,40425600.0,False,True,False,True,0,0,0
2022-01-12,176.1199951171875,177.17999267578125,174.82000732421875,175.52999877929688,74805200,54.726539265681986,183.02872388398515,176.7607138497489,170.49270381551264,-1333100.0,False,True,False,True,0,0,0
2022-02-02,174.75,175.8800048828125,173.3300018310547,175.83999633789062,84914300,59.88726554435774,179.38124034228804,167.43428584507532,155.4873313478626,-1299600.0,False,True,False,True,0,0,0
2022-02-09,176.0500030517578,176.64999389648438,174.89999389648438,176.27999877929688,71285000,59.341043421094255,182.1109966933499,169.02428545270647,155.93757421206303,-3544200.0,False,True,False,True,0,0,0
2022-02-15,170.97000122070312,172.9499969482422,170.25,172.7899932861328,62527400,53.113511846007086,180.1534537255713,171.80499921526228,163.45654470495327,-23658100.0,False,True,False,True,1,0,0
2022-03-02,164.38999938964844,167.36000061035156,162.9499969482422,166.55999755859375,79724800,47.77591209655511,174.4949422830236,167.00142996651786,159.50791765001213,-3749600.0,False,True,False,True,1,0,0
2022-03-09,161.47999572753906,163.41000366210938,159.41000366210938,162.9499969482422,91454900,45.46953152414034,169.86076289748937,163.72357286725725,157.58638283702513,-39693400.0,False,True,False,True,0,0,0
2022-03-29,176.69000244140625,179.00999450683594,176.33999633789062,178.9600067138672,100589400,67.48298141981356,182.20106430252295,165.06500135149275,147.92893840046256,10217500.0,False,True,False,True,0,0,0
2022-04-04,174.57000732421875,178.49000549316406,174.44000244140625,178.44000244140625,76468400,63.752174995501576,183.82902666141035,171.22000231061662,158.6109779598229,-2282900.0,False,True,False,True,1,0,0
2022-04-13,167.38999938964844,171.0399932861328,166.77000427246094,170.39999389648438,70618900,51.10116346475532,180.98812461021663,173.38142939976282,165.77473418930902,-8646300.0,False,True,False,True,1,0,0
2022-04-19,165.02000427246094,167.82000732421875,163.91000366210938,167.39999389648438,67723800,47.675796918305664,179.81571002326538,171.129999433245,162.4442888432246,-1300100.0,False,True,False,True,1,0,0
2022-04-28,159.25,164.52000427246094,158.92999267578125,163.63999938964844,130216800,46.62819211247063,172.8887912929695,164.78499930245536,156.68120731194122,42153600.0,False,True,False,True,0,0,0
2022-05-04,159.6699981689453,166.47999572753906,159.25999450683594,166.02000427246094,108256500,51.778367488260955,170.2135034375139,162.44285692487443,154.67221041223496,19290000.0,False,True,False,True,0,0,0
2022-05-17,148.86000061035156,149.77000427246094,146.67999267578125,149.24000549316406,78336300,41.36636456053132,167.6266088640902,154.02285657610213,140.41910428811406,-8307500.0,False,True,False,True,1,0,0
2022-05-23,137.7899932861328,143.25999450683594,137.64999389648438,143.11000061035156,117726300,40.11570126990808,164.19914934720873,148.31857190813338,132.43799446905803,-19699800.0,False,True,False,True,0,0,0
2022-05-27,145.38999938964844,149.67999267578125,145.25999450683594,149.63999938964844,90978500,49.084673595523206,153.6176559095112,144.18785749162947,134.75805907374775,377000.0,False,True,False,True,-1,0,0
2022-06-02,147.8300018310547,151.27000427246094,146.86000061035156,151.2100067138672,72348100,51.08834360500472,153.60069967316105,144.55857304164343,135.5164464101258,-1938500.0,False,True,False,True,0,0,0
2022-06-07,144.35000610351562,149.0,144.10000610351562,148.7100067138672,67808200,48.855928179999935,153.33598301397004,144.44000244140625,135.54402186884246,-3790200.0,False,True,False,True,1,0,0
2022-06-15,134.2899932861328,137.33999633789062,132.16000366210938,135.42999267578125,91533000,38.17221086477125,156.31581852686517,143.586430140904,130.85704175494286,6748700.0,False,True,False,True,0,0,0
2022-07-08,145.25999450683594,147.5500030517578,145.0,147.0399932861328,64547800,57.629815940273744,147.8263481038751,139.6114283970424,131.3965086902097,-1705900.0,False,True,False,True,-1,0,0
2022-07-21,154.5,155.57000732421875,151.94000244140625,155.35000610351562,65086600,65.28979398828815,155.5328815153898,147.0085710797991,138.48426064420843,263200.0,False,True,False,True,-1,0,0
2022-07-29,161.24000549316406,163.6300048828125,159.5,162.50999450683594,101786900,70.1625350162888,161.52467170851955,152.26714324951172,143.0096147905039,20408200.0,False,True,False,True,-1,0,0
2022-08-03,160.83999633789062,166.58999633789062,160.75,166.1300048828125,82507500,70.83471655334496,166.00290564573632,155.6835708618164,145.3642360778965,22600500.0,False,True,False,True,-1,0,0
2022-08-17,172.77000427246094,176.14999389648438,172.57000732421875,174.5500030517578,79542000,76.15759165213368,176.15903545154762,167.26500047956193,158.37096550757624,23164900.0,False,True,False,True,0,0,0
2022-08-25,168.77999877929688,170.13999938964844,168.35000610351562,170.02999877929688,51218200,61.94542310224702,176.17738002468644,169.88714381626673,163.59690760784702,-2623300.0,False,True,False,True,1,0,0
2022-09-12,159.58999633789062,164.25999450683594,159.3000030517578,163.42999267578125,104956000,54.36853438764957,170.37026171833196,160.3885716029576,150.40688148758323,36927200.0,False,True,False,True,1,0,0
2022-09-20,153.39999389648438,158.0800018310547,153.0800018310547,156.89999389648438,107689800,47.9051049276227,161.4844789547325,155.7385700770787,149.99266119942487,26215600.0,False,True,False,True,1,0,0
2022-09-27,152.74000549316406,154.72000122070312,149.9499969482422,151.75999450683594,84442700,42.45349093206782,160.79421666864482,154.16285487583704,147.53149308302926,-8896700.0,False,True,False,True,1,0,0
2022-10-05,144.07000732421875,147.3800048828125,143.00999450683594,146.39999389648438,79471000,42.171514285034654,159.2428222887909,149.06928362165178,138.89574495451265,-8359100.0,False,True,False,True,0,0,0
2022-10-25,150.08999633789062,152.49000549316406,149.36000061035156,152.33999633789062,74732300,58.202081767601186,151.4223829023748,143.3642850603376,135.3061872183004,-1249600.0,False,True,False,True,-1,0,0
2022-10-28,148.1999969482422,157.5,147.82000732421875,155.74000549316406,164762400,59.54366083580243,155.12750988885725,145.0750013078962,135.02249272693516,55582200.0,False,True,False,True,0,0,0
2022-11-18,152.30999755859375,152.6999969482422,149.97000122070312,151.2899932861328,74829600,55.90137457630995,156.23624447822178,145.13714054652624,134.0380366148307,-5559800.0,False,True,False,True,1,0,0
2022-11-23,149.4499969482422,151.8300018310547,149.33999633789062,151.07000732421875,58301400,55.12503168048121,157.07695420938552,146.18714032854353,135.29732644770155,6497300.0,False,True,False,True,1,0,0
2022-12-01,148.2100067138672,149.1300048828125,146.61000061035156,148.30999755859375,71250400,51.74311158135673,153.73314279144316,148.42285483224052,143.11256687303788,-40130500.0,False,True,False,True,1,0,0
2022-12-13,149.5,149.97000122070312,144.24000549316406,145.47000122070312,93886200,49.693142854154594,151.29022044316466,145.28357260567802,139.27692476819138,23423500.0,False,True,False,True,1,0,0
2022-12-21,132.97999572753906,136.80999755859375,132.75,135.4499969482422,85928000,39.73450694952937,150.71352203152955,140.52857208251953,130.3436221335095,8495200.0,False,True,False,True,1,0,0
2022-12-30,128.41000366210938,129.9499969482422,127.43000030517578,129.92999267578125,77034200,37.45788661353565,146.01926625091505,134.5714280264718,123.12358980202856,1330500.0,False,True,False,True,0,0,0
2023-01-17,134.8300018310547,137.2899932861328,134.1300048828125,135.94000244140625,63646600,53.18726373225222,136.78620885540923,130.01142719813757,123.23664554086592,5836900.0,False,True,False,True,-1,0,0
2023-01-27,143.16000366210938,147.22999572753906,143.0800018310547,145.92999267578125,70555800,67.9206947245924,146.90121697840388,137.30142865862166,127.70164033883944,16450700.0,False,True,False,True,0,0,0
2023-02-15,153.11000061035156,155.5,152.8800048828125,155.3300018310547,65573800,67.37540970093204,158.4033367342318,150.4664263044085,142.52951587458517,3866200.0,False,True,False,True,0,0,0
2023-02-23,150.08999633789062,150.33999633789062,147.24000549316406,149.39999389648438,48394200,53.96900232847196,156.3989862462445,152.15071323939733,147.90244023255016,-2617100.0,False,True,False,True,0,0,0
2023-03-06,153.7899932861328,156.3000030517578,153.4600067138672,153.8300018310547,87558000,61.24268275015222,156.28231718691703,149.97857230050224,143.67482741408745,16825700.0,False,True,False,True,-1,0,0
2023-03-21,157.32000732421875,159.39999389648438,156.5399932861328,159.27999877929688,73938300,65.96903090027122,159.4514884329172,152.7078574044364,145.9642263759556,296900.0,False,True,False,True,0,0,0
2023-03-24,158.86000061035156,160.33999633789062,157.85000610351562,160.25,59196500,65.85769967024223,161.7840618110747,154.58214242117745,147.3802230312802,-8425600.0,False,True,False,True,-1,0,-1
2023-04-03,164.27000427246094,166.2899932861328,164.22000122070312,166.1699981689453,56976200,71.18869468312342,166.09613924087466,159.11857060023718,152.1410019595997,-11773600.0,False,True,False,True,0,0,0
2023-04-13,161.6300048828125,165.8000030517578,161.4199981689453,165.55999755859375,68445600,63.26836127176405,167.7659687001942,162.35142844063895,156.9368881810837,18312500.0,False,True,False,True,0,0,0
2023-04-19,165.8000030517578,168.16000366210938,165.5399932861328,167.6300048828125,47720200,66.2853973322256,168.59581742241028,164.3221435546875,160.04846968696472,-2202800.0,False,True,False,True,0,0,0
2023-04-28,168.49000549316406,169.85000610351562,167.8800048828125,169.67999267578125,55209200,66.1307653145973,170.31864130469668,165.2585721697126,160.19850303472853,-9693100.0,False,True,False,True,-1,0,-1
2023-05-05,170.97999572753906,174.3000030517578,170.75999450683594,173.57000732421875,113316400,67.61732140854915,172.34824579837047,167.26142774309432,162.17460968781816,32081000.0,False,True,False,True,0,0,0
2023-05-11,173.85000610351562,174.58999633789062,172.1699981689453,173.75,49514700,65.68344611597735,176.22897390328527,169.17642756870814,162.123881234131,-4209800.0,False,True,False,True,-1,0,-1
2023-05-19,176.38999938964844,176.38999938964844,174.94000244140625,175.16000366210938,55772400,66.71353420248926,177.3545933000575,171.96714455740792,166.57969581475834,-9724300.0,False,True,False,True,-1,0,-1
2023-06-02,181.02999877929688,181.77999877929688,179.25999450683594,180.9499969482422,61945900,72.62967934470062,180.77726608780873,174.90357208251953,169.02987807723034,-6955900.0,False,True,False,True,-1,0,-1
2023-06-15,183.9600067138672,186.52000427246094,183.77999877929688,186.00999450683594,65433200,74.1101899743761,186.24395588445623,180.4442858014788,174.64461571850137,7970300.0,False,True,False,True,0,0,0
2023-06-22,183.74000549316406,187.0500030517578,183.6699981689453,187.0,51245300,71.21579640575044,188.01055524597032,182.64571489606584,177.28087454616136,1729600.0,False,True,False,True,-1,0,0
2023-06-30,191.6300048828125,194.47999572753906,191.25999450683594,193.97000122070312,85069600,77.61028353456881,192.15473865409228,186.4835695539202,180.81240045374813,38722300.0,False,True,False,True,0,0,0
2023-07-19,193.10000610351562,198.22999572753906,192.64999389648438,195.10000610351562,80507300,70.12116755435345,195.600515493904,191.45357186453683,187.30662823516965,32153500.0,False,True,False,True,0,0,0
2023-07-31,196.05999755859375,196.49000549316406,195.25999450683594,196.4499969482422,38824100,66.58873659304878,197.0419329240712,193.23285784040178,189.42378275673235,-9467300.0,False,True,False,True,0,0,0
2023-08-14,177.97000122070312,179.69000244140625,177.30999755859375,179.4600067138672,43675600,34.55168297860035,202.04891158696446,186.67214420863561,171.29537683030676,-8312500.0,False,True,False,True,0,0,0
2023-08-23,178.52000427246094,181.5500030517578,178.3300018310547,181.1199951171875,52722800,47.07191909400949,182.30695142276707,177.9107153756278,173.51447932848853,10638600.0,False,True,False,True,-1,0,0
2023-09-05,188.27999877929688,189.97999572753906,187.61000061035156,189.6999969482422,45280000,62.29227295324302,192.00255447134475,180.94499969482422,169.8874449183037,-452600.0,False,True,False,True,0,0,0
2023-09-11,180.07000732421875,180.3000030517578,177.33999633789062,179.36000061035156,58953100,44.58975723576862,191.38525815230327,182.1671415056501,172.94902485899695,-6598200.0,False,True,False,True,0,0,0
2023-09-19,177.52000427246094,179.6300048828125,177.1300048828125,179.07000732421875,51826900,47.61192385383745,191.592471183802,180.78500039236886,169.97752960093572,-15430700.0,False,True,False,True,1,0,0
2023-09-25,174.1999969482422,176.97000122070312,174.14999389648438,176.0800018310547,46172700,44.39709555588575,181.63729565673688,176.9000004359654,172.16270521519394,-10552700.0,False,True,False,True,0,0,0
2023-10-12,180.07000732421875,182.33999633789062,179.0399932861328,180.7100067138672,56743100,58.36827927591229,181.87045000252394,175.0335736955915,168.1966973886591,9192000.0,False,True,False,True,0,0,0
2023-10-24,173.0500030517578,173.6699981689453,171.4499969482422,173.44000244140625,43816600,42.011543130144766,181.82991495409374,176.8307168143136,171.83151867453347,-12163500.0,False,True,False,True,0,0,0
2023-11-20,189.88999938964844,191.91000366210938,189.8800048828125,191.4499969482422,46505100,73.12716937506933,194.14937466892843,183.71714346749442,173.28491226606042,-4417600.0,False,True,False,True,0,0,0
2023-11-28,189.77999877929688,191.0800018310547,189.39999389648438,190.39999389648438,38415400,67.45693193159771,194.02218210113898,188.20785631452287,182.39353052790676,-2137200.0,False,True,False,True,0,0,0
2023-12-08,194.1999969482422,195.99000549316406,193.6699981689453,195.7100067138672,53377300,70.02192852529329,195.08307419388933,191.37642778669084,187.66978137949235,5899600.0,False,True,False,True,0,0,0
2023-12-14,198.02000427246094,199.6199951171875,196.16000366210938,198.11000061035156,66831600,69.6944391269684,198.66153825495437,192.84714290073939,187.0327475465244,-3572600.0,False,True,False,True,0,0,0
