Date,Open,High,Low,Close,Volume,Rsi,BBup,BBmid,BBlow,VolumeDelta,minterm,maxterm,mintermr,maxtermr,DivergenceSignal,Signal1
2015-01-28,15.490500450134277,15.575499534606934,15.1899995803833,15.195500373840332,61276000,46.082235109185916,15.757761808600705,14.943642888750349,14.129523968899992,2870000.0,True,False,True,False,0,0
2015-02-09,18.549999237060547,18.720500946044922,18.360000610351562,18.527999877929688,54492000,73.78386501131551,19.8627812255991,16.850321292877197,13.837861360155296,-23356000.0,True,False,True,False,0,0
2015-02-18,18.68899917602539,18.836999893188477,18.642499923706055,18.668500900268555,53012000,68.85149463276213,19.998987430524963,18.334821224212646,16.67065501790033,-20452000.0,True,False,True,False,0,0
2015-02-24,18.9325008392334,19.02400016784668,18.808000564575195,18.929500579833984,38416000,67.86495262810274,19.25665989250752,18.78860718863351,18.320554484759498,-5124000.0,True,False,True,False,0,0
2015-02-27,19.200000762939453,19.29949951171875,18.989500045776367,19.007999420166016,50646000,65.34804702953821,19.363280255771432,18.922214235578263,18.481148215385094,-3096000.0,True,False,True,False,0,0
2015-03-11,18.530500411987305,18.667499542236328,18.312999725341797,18.318500518798828,49902000,47.66831185069505,19.615913197654294,19.028821400233678,18.441729602813062,-12518000.0,True,False,True,False,1,0
2015-03-26,18.47949981689453,18.56999969482422,18.282499313354492,18.36750030517578,58600000,46.075168510229474,18.989018192817362,18.63896438053676,18.288910568256156,-9990000.0,True,False,True,False,-1,0
2015-04-01,18.604999542236328,18.658000946044922,18.41699981689453,18.51300048828125,49162000,48.763069270882156,18.90090850983751,18.63478578839983,18.368663066962153,-960000.0,True,False,True,False,-1,0
2015-04-13,19.17650032043457,19.263999938964844,19.006999969482422,19.118000030517578,37890000,59.155360158047046,19.270330997895552,18.761999947684153,18.253668897472753,-13580000.0,True,False,True,False,0,0
2015-04-17,19.131500244140625,19.17799949645996,18.719999313354492,18.777999877929688,76794000,48.81021327430052,19.451832184804523,18.93057141985212,18.40931065489972,35186000.0,True,False,True,False,0,0
2015-04-30,21.355499267578125,21.587499618530273,20.961999893188477,21.089000701904297,72958000,64.1847145760164,22.463964905752697,20.132571492876327,17.801178079999957,524000.0,True,False,True,False,0,0
2015-05-06,21.071500778198242,21.13599967956543,20.727500915527344,20.954999923706055,51050000,61.487258753278994,22.751801116425103,20.66557134900774,18.57934158159038,-6078000.0,True,False,True,False,1,0
2015-05-19,21.243499755859375,21.41200065612793,21.0314998626709,21.085500717163086,49284000,55.417745143399785,21.763456886997442,21.301857130868093,20.840257374738744,1480000.0,True,False,True,False,0,0
2015-06-08,21.2810001373291,21.34000015258789,21.071500778198242,21.174999237060547,43450000,49.88166573854576,21.80608402808077,21.418749945504324,21.031415862927876,5292000.0,True,False,True,False,0,0
2015-06-15,21.382999420166016,21.40250015258789,21.131999969482422,21.183500289916992,41020000,48.62050995971234,21.81619242710332,21.463428497314453,21.110664567525586,-68000.0,True,False,True,False,-1,0
2015-06-29,21.749000549316406,21.850000381469727,21.450000762939453,21.493000030517578,55064000,48.972016410499755,22.313371245875384,21.706750052315847,21.10012885875631,2574000.0,True,False,True,False,0,0
2015-07-08,21.717500686645508,21.79949951171875,21.441499710083008,21.485000610351562,47662000,47.233482282766495,22.253366764201647,21.846928596496582,21.440490428791517,-21422000.0,True,False,True,False,0,0
2015-07-23,24.58300018310547,24.58300018310547,23.78499984741211,24.108999252319336,187488000,70.02013880044026,25.269109132298844,23.099035671779088,20.928962211259332,125190000.0,True,False,True,False,-1,0
2015-07-28,26.799999237060547,26.819499969482422,26.1560001373291,26.30150032043457,105462000,78.51245052333536,27.0342963454328,24.114749908447266,21.19520347146173,-44358000.0,True,False,True,False,0,0
2015-08-07,26.45800018310547,26.472999572753906,25.910499572753906,26.131000518798828,79384000,65.42273527343032,27.982958726197793,26.08299991062709,24.18304109505639,2974000.0,True,False,True,False,1,0
2015-08-24,23.179000854492188,23.82900047302246,22.549999237060547,23.168500900268555,201952000,29.196493149123715,28.010088873884122,26.08721419743129,24.16433952097846,67822000.0,True,False,True,False,0,0
2015-09-01,24.957000732421875,25.5,24.671499252319336,24.82699966430664,77290000,46.18629305457323,27.836471171531546,25.53896427154541,23.241457371559274,17244000.0,True,False,True,False,-1,0
2015-09-04,24.88249969482422,25.142499923706055,24.781999588012695,24.950000762939453,53850000,47.2076494357762,27.26336008427374,25.245642934526717,23.227925784779696,-9144000.0,True,False,True,False,-1,0
2015-09-14,26.472000122070312,26.622499465942383,25.929000854492188,26.069000244140625,62604000,54.53173702992138,26.997976996814323,25.481107303074428,23.964237609334532,-1954000.0,True,False,True,False,0,0
2015-09-29,25.299999237060547,25.573999404907227,24.524999618530273,24.803499221801758,89150000,39.2816955760238,27.731083432758158,26.367642675127303,25.00420191749645,-19540000.0,True,False,True,False,0,0
2015-10-08,26.835500717163086,26.969499588012695,25.99449920654297,26.658000946044922,93528000,53.74869660324144,27.927807057699642,26.437142780848912,24.946478503998183,17286000.0,True,False,True,False,-1,0
2015-10-14,27.566999435424805,27.612499237060547,26.983999252319336,27.241500854492188,71642000,57.18101287259486,28.1701038562442,26.53396429334368,24.89782473044316,12882000.0,True,False,True,False,0,0
2015-10-21,28.193500518798828,28.262500762939453,27.625999450683594,27.78849983215332,66872000,57.09684053607421,28.752856273420253,27.484000205993652,26.21514413856705,-20052000.0,True,False,True,False,-1,0
2015-11-03,31.476499557495117,31.49449920654297,31.100000381469727,31.265499114990234,64938000,73.8174097250923,32.51303666601259,29.745606967381068,26.97817726874955,8608000.0,True,False,True,False,-1,0
2015-11-09,32.932498931884766,33.097999572753906,32.39250183105469,32.77450180053711,80976000,77.88048148914929,33.97759173894709,30.974999972752162,27.972408206557233,-868000.0,True,False,True,False,0,0
2015-11-30,33.79499816894531,34.06449890136719,33.22999954223633,33.2400016784668,113864000,61.36404656571008,34.30203853748548,33.17424964904785,32.04646076061022,74528000.0,True,False,True,False,0,0
2015-12-03,33.97200012207031,34.13949966430664,33.07400131225586,33.3125,101294000,58.80093761535646,34.46168890684564,33.255642482212615,32.04959605757959,15824000.0,True,False,True,False,0,0
2015-12-11,32.561500549316406,32.89400100708008,31.981000900268555,32.00749969482422,109488000,44.33623123498828,34.43986950883739,33.471142632620676,32.50241575640396,40378000.0,True,False,True,False,0,0
2015-12-24,33.16749954223633,33.23400115966797,33.029998779296875,33.13949966430664,21824000,52.35002407288572,34.058704147494005,33.19885744367327,32.33901073985253,-32634000.0,True,False,True,False,0,0
2016-01-08,30.982999801635742,31.207000732421875,30.299999237060547,30.352500915527344,110258000,32.20358243495104,35.38361286438835,32.75299998692104,30.122387109453737,-31240000.0,True,False,True,False,0,0
2016-01-27,30.09950065612793,30.16950035095215,28.93899917602539,29.167499542236328,103058000,38.331676827446984,31.225513721871224,29.622821399143763,28.020129076416303,27744000.0,True,False,True,False,1,0
2016-02-09,23.90049934387207,24.91900062561035,23.700000762939453,24.103500366210938,141558000,27.464724551643556,32.462065526691156,28.00507136753627,23.548077208381386,-54952000.0,True,False,True,False,0,0
2016-02-29,27.700000762939453,28.24049949645996,27.625499725341797,27.625999450683594,82908000,49.67412477414918,29.058286178360415,26.528321402413503,23.99835662646659,-14632000.0,True,False,True,False,0,0
2016-03-10,28.336999893188477,28.350000381469727,27.395000457763672,27.946500778198242,78398000,49.58177755341082,29.142846639921284,28.152571269444056,27.16229589896683,-9148000.0,True,False,True,False,0,0
2016-03-18,28.047000885009766,28.116500854492188,27.304500579833984,27.604000091552734,145938000,45.02410601013891,29.323545319082363,28.42546422140939,27.527383123736413,27376000.0,True,False,True,False,0,0
2016-04-05,29.53849983215332,29.673500061035156,29.262500762939453,29.30699920654297,46178000,55.79346648321243,30.53198155710024,28.916856901986257,27.301732246872273,-3238000.0,True,False,True,False,0,0
2016-04-28,30.777000427246094,31.34000015258789,29.959999084472656,30.100000381469727,157452000,48.616680335282325,32.13449268330134,30.928392818995885,29.72229295469043,76076000.0,True,False,True,False,-1,0
2016-05-05,33.66550064086914,33.824501037597656,32.79999923706055,32.954498291015625,97682000,62.018293125047784,34.4151646106304,31.943357058933803,29.471549507237206,4972000.0,True,False,True,False,-1,0
2016-05-17,35.494998931884766,35.7234992980957,34.695499420166016,34.76350021362305,102428000,63.106068665337965,37.06398459898868,34.10903535570417,31.154086112419666,-6230000.0,True,False,True,False,0,0
2016-05-23,35.212501525878906,35.29999923706055,34.82099914550781,34.837501525878906,51902000,61.99694416434439,36.441871484185825,34.747463771275115,33.053056058364405,-6422000.0,True,False,True,False,-1,0
2016-06-07,36.49449920654297,36.5,36.02750015258789,36.1870002746582,54650000,66.02132513304211,36.76809328085164,35.64892823355539,34.52976318625914,554000.0,True,False,True,False,0,0
2016-06-17,35.90950012207031,35.90999984741211,34.95899963378906,35.31949996948242,117956000,50.63110541194244,36.64492729990958,36.04064287458147,35.43635844925336,55996000.0,True,False,True,False,1,0
2016-06-27,34.60049819946289,34.840999603271484,34.10599899291992,34.56800079345703,111360000,42.27974573931878,36.66237025888389,35.70617893763951,34.749987616395124,-41290000.0,True,False,True,False,0,0
2016-07-15,37.32749938964844,37.32749938964844,36.70249938964844,36.77199935913086,62428000,56.305705699033204,38.20511608738461,36.519856861659456,34.8345976359343,14618000.0,True,False,True,False,0,0
2016-07-26,37.135501861572266,37.15650177001953,36.63750076293945,36.77949905395508,50594000,53.24393614160928,37.627148518830055,37.10667855398996,36.58620858914986,-2992000.0,True,False,True,False,-1,0
2016-08-03,37.85300064086914,37.94449996948242,37.61249923706055,37.731998443603516,71630000,59.32130574587009,38.3485002577846,37.33114269801548,36.31378513824637,-436000.0,True,False,True,False,0,0
2016-08-16,38.430999755859375,38.436500549316406,38.191001892089844,38.20199966430664,32092000,59.0230074512521,38.79956847687589,38.21746417454311,37.63535987221033,-10278000.0,True,False,True,False,0,0
2016-08-19,38.095001220703125,38.1245002746582,37.84450149536133,37.865501403808594,46864000,51.96817276931919,38.73633686641278,38.24332128252302,37.75030569863326,17688000.0,True,False,True,False,1,0
2016-08-24,38.150001525878906,38.170501708984375,37.768001556396484,37.86249923706055,34882000,51.11909369519797,38.71195103186246,38.25471414838518,37.797477264907904,4400000.0,True,False,True,False,0,0
2016-08-30,38.5525016784668,38.59199905395508,38.27799987792969,38.37900161743164,34184000,58.10299519680673,38.75447091166615,38.24642835344587,37.7383857952256,-9788000.0,True,False,True,False,0,0
2016-09-09,38.96799850463867,39.04999923706055,38.00550079345703,38.00699996948242,85146000,46.208832763144315,39.45743102327669,38.485857009887695,37.5142829964987,44536000.0,True,False,True,False,0,0
2016-09-26,40.09000015258789,40.29650115966797,39.85749816894531,39.95800018310547,53028000,63.51551160502823,40.50340756372143,39.018392835344585,37.53337810696774,5958000.0,True,False,True,False,-1,0
2016-10-04,42.045501708984375,42.118499755859375,41.51300048828125,41.701499938964844,59006000,72.77464709571002,42.67343115823992,40.30300031389509,37.93256946955026,3618000.0,True,False,True,False,0,0
2016-10-17,41.07500076293945,41.099998474121094,40.58399963378906,40.647499084472656,67230000,49.86088395961046,42.46105953802647,41.65460695539202,40.84815437275757,7234000.0,True,False,True,False,1,0
2016-10-20,40.699501037597656,40.785499572753906,40.154998779296875,40.51599884033203,63040000,47.857438004303724,42.57259666281216,41.47810663495745,40.38361660710274,21226000.0,True,False,True,False,1,0
2016-10-28,39.099998474121094,39.4744987487793,38.730499267578125,38.816001892089844,216822000,34.313886022404,42.493734958018635,41.01953533717564,39.545335716332644,68694000.0,True,False,True,False,1,1
2016-11-04,38.13949966430664,38.29999923706055,37.6614990234375,37.752498626708984,102442000,31.562149271734587,42.70687945180195,40.06449999128069,37.42212053075943,24992000.0,True,False,True,False,1,1
2016-11-14,37.2755012512207,37.29999923706055,35.505001068115234,35.95349884033203,146426000,29.349479405589975,41.43097140502953,38.66128594534738,35.89160048566523,13970000.0,True,False,True,False,0,0
2016-12-02,37.16999816894531,37.42449951171875,36.834999084472656,37.016998291015625,71226000,38.30394556462662,39.755396777691885,37.91082109723772,36.06624541678356,-22094000.0,True,False,True,False,-1,0
2016-12-12,38.31999969482422,38.34450149536133,37.86000061035156,38.00600051879883,59278000,46.498363106973024,39.484920992513715,38.21528543744768,36.94564988238165,9860000.0,True,False,True,False,0,0
2016-12-16,38.25,38.256500244140625,37.70000076293945,37.88850021362305,96964000,45.635902148083915,38.99497766533121,38.03435679844448,37.07373593155774,20926000.0,True,False,True,False,0,0
2016-12-23,38.227500915527344,38.32500076293945,37.89950180053711,38.02949905395508,39632000,46.55565787657673,38.78575246812466,38.31403568812779,37.84231890813091,-11240000.0,True,False,True,False,0,0
2016-12-30,38.32350158691406,38.369998931884766,37.41400146484375,37.493499755859375,82788000,41.671541215116925,38.92642786371897,38.269107001168386,37.6117861386178,19622000.0,True,False,True,False,0,0
2017-01-10,39.83000183105469,39.900001525878906,39.47700119018555,39.79499816894531,51168000,62.05970782576603,40.08511495674741,38.597892488752095,37.11067002075678,-17754000.0,True,False,True,False,-1,0
2017-01-18,40.474998474121094,40.58649826049805,40.2135009765625,40.374000549316406,47084000,62.85957547412656,41.58479331595886,39.33664240155901,37.08849148715916,-26326000.0,True,False,True,False,0,0
2017-01-31,41.1875,41.3494987487793,40.97800064086914,41.17399978637695,62744000,61.573983083233706,42.16514356818047,40.96425029209682,39.763357016013174,-12202000.0,True,False,True,False,0,0
2017-02-06,40.4900016784668,40.5359992980957,40.150001525878906,40.38199996948242,77946000,49.47243560177732,42.373632675499046,41.14503615243094,39.916439629362834,-139430000.0,True,False,True,False,0,0
2017-02-28,42.5724983215332,42.704498291015625,42.102500915527344,42.25199890136719,55874000,59.50735911620369,43.18090751331348,42.05900001525879,40.9370925172041,1602000.0,True,False,True,False,0,0
2017-03-07,42.27399826049805,42.42300033569336,42.1875,42.30099868774414,44952000,57.44590379114807,42.84706303825615,42.42703546796526,42.00700789767437,-7256000.0,True,False,True,False,0,0
2017-03-21,42.94200134277344,43.13999938964844,42.06549835205078,42.15999984741211,87658000,48.60111831316905,42.90553272709909,42.54775020054409,42.18996767398908,42004000.0,True,False,True,False,0,0
2017-03-24,42.58399963378906,42.59000015258789,42.17649841308594,42.28049850463867,42766000,50.44600889321954,42.913354203238924,42.532214300973074,42.15107439870722,3706000.0,True,False,True,False,-1,0
2017-04-07,44.98249816894531,45.00450134277344,44.46549987792969,44.74399948120117,74218000,68.03773285535065,46.05250648966116,43.66089275905064,41.26927902844012,-52664000.0,True,False,True,False,0,0
2017-04-13,44.5724983215332,44.74850082397461,44.2244987487793,44.23350143432617,63492000,55.68715899120552,46.22225270575617,44.39678600856236,42.57131931136855,14370000.0,True,False,True,False,0,0
2017-04-21,45.13349914550781,45.182498931884766,44.8385009765625,44.92649841308594,48410000,59.497083051496716,45.622068013248295,44.98800005231585,44.3539320913834,-7878000.0,True,False,True,False,-1,0
2017-05-05,47.0260009765625,47.03950119018555,46.51499938964844,46.70750045776367,57328000,66.2113000323728,47.77073792185927,45.99692807878767,44.223118235716065,8960000.0,True,False,True,False,-1,0
2017-05-11,47.25550079345703,47.51449966430664,47.03900146484375,47.38100051879883,43882000,68.39636815951422,48.33159208781629,46.69285665239607,45.054121216975844,1952000.0,True,False,True,False,0,0
2017-05-17,47.73500061035156,48.02000045776367,47.20600128173828,47.237998962402344,102912000,58.31883919479591,48.401798326001476,47.362321036202566,46.322843746403656,40390000.0,True,False,True,False,0,0
2017-05-31,50.0,50.00600051879883,49.108001708984375,49.73099899291992,78262000,73.15700979496411,50.30507389907365,48.56835719517299,46.83164049127234,13000000.0,True,False,True,False,0,0
2017-06-06,50.599998474121094,50.82500076293945,50.0625,50.150001525878906,66928000,70.79062921003228,51.18687911505107,49.22553580147879,47.26419248790651,12530000.0,True,False,True,False,0,0
2017-06-12,48.349998474121094,48.79750061035156,47.25,48.24549865722656,188944000,46.21002719842468,51.11945004940434,49.689107349940706,48.25876465047707,35990000.0,True,False,True,False,1,0
2017-06-15,47.935001373291016,48.2864990234375,47.542999267578125,48.208499908447266,107478000,46.070800323575156,51.1836851716736,49.60396466936384,48.02424416705408,27980000.0,True,False,True,False,1,0
2017-07-03,48.63949966430664,48.7244987487793,47.54999923706055,47.68299865722656,58182000,39.93309123929569,50.71313229381486,49.2216431753976,47.730154056980346,-9624000.0,True,False,True,False,0,0
2017-07-21,51.06399917602539,51.30500030517578,50.54999923706055,51.28350067138672,54692000,63.36525724405193,52.27520458975272,49.94371441432408,47.612224238895436,-7258000.0,True,False,True,False,0,0
2017-07-31,50.95249938964844,50.95249938964844,49.35100173950195,49.388999938964844,147042000,42.942601114218895,52.928320191238,51.107571193150115,49.28682219506223,-7146000.0,True,False,True,False,0,0
2017-08-03,49.9734992980957,49.974998474121094,49.22949981689453,49.34600067138672,65116000,43.059401680991556,53.081200552166884,51.00060680934361,48.92001306652033,-16284000.0,True,False,True,False,1,0
2017-08-10,48.814998626708984,48.99300003051758,47.73400115966797,47.84600067138672,113682000,33.979978403722036,53.048588600016046,50.260928290230886,47.473267980445726,42288000.0,True,False,True,False,0,0
2017-08-21,47.878501892089844,48.060001373291016,47.27299880981445,47.66450119018555,63290000,36.130799653008154,50.23761403594078,48.84275027683803,47.447886517735284,-2406000.0,True,False,True,False,1,0
2017-08-25,47.79999923706055,47.88100051879883,47.20500183105469,47.26300048828125,66496000,35.911206081982456,49.69351924441189,48.34257207598005,46.991624907548214,-37418000.0,True,False,True,False,0,0
2017-09-05,48.77000045776367,48.8385009765625,48.01850128173828,48.26350021362305,57664000,46.33380136194071,49.201646698547314,48.08896446228027,46.97628222601323,6946000.0,True,False,True,False,-1,0
2017-09-08,48.95500183105469,48.99399948120117,48.173500061035156,48.29499816894531,52106000,46.89127552739242,49.27979269514097,48.14592851911272,47.012064343084475,770000.0,True,False,True,False,0,0
2017-09-26,47.27450180053711,47.43149948120117,46.587501525878906,46.93000030517578,71296000,36.02140497237933,50.28830151769999,48.57110677446638,46.85391203123277,-31184000.0,True,False,True,False,0,0
2017-10-03,47.900001525878906,48.18450164794922,47.51850128173828,47.85499954223633,53332000,45.54897395684065,49.63732640112478,48.14039257594517,46.64345875076556,4474000.0,True,False,True,False,-1,0
2017-10-10,49.833499908447266,49.897499084472656,49.005001068115234,49.36000061035156,61698000,58.33514489860081,49.85709536833041,48.20399965558733,46.55090394284425,2926000.0,True,False,True,False,0,0
2017-10-23,49.33649826049805,49.3390007019043,48.125,48.314998626708984,69882000,42.229113974578794,50.7896466362948,49.50439289637974,48.219139156464685,22580000.0,True,False,True,False,0,0
2017-10-26,49.01649856567383,49.14500045776367,48.4275016784668,48.621498107910156,112374000,45.787506322733144,50.76492132466596,49.45210702078683,48.139292716907704,51712000.0,True,False,True,False,-1,0
2017-11-02,54.890499114990234,55.09700012207031,54.34349822998047,54.71099853515625,73698000,72.16685039007234,57.132916700299454,51.37324959891183,45.61358249752421,-1412000.0,True,False,True,False,-1,0
2017-11-10,56.30500030517578,56.587501525878906,56.202999114990234,56.26750183105469,43598000,74.01191929808768,60.078485844971645,54.21075003487723,48.34301422478281,-31056000.0,True,False,True,False,0,0
2017-11-20,56.48849868774414,56.67100143432617,56.127498626708984,56.31549835205078,43278000,67.2188405487791,57.357158986580075,56.16739273071289,54.97762647484571,-4990000.0,True,False,True,False,0,0
2017-12-04,58.692501068115234,58.7599983215332,56.400001525878906,56.6974983215332,118638000,52.84428276715221,60.152525414141316,57.72289221627371,55.29325901840611,36496000.0,True,False,True,False,-1,0
2017-12-13,58.5,58.54349899291992,58.01350021362305,58.20650100708008,52336000,59.4586031359293,60.00579365072018,58.29853548322405,56.59127731572792,7618000.0,True,False,True,False,0,0
2017-12-22,58.604000091552734,58.73099899291992,58.39149856567383,58.417999267578125,31702000,55.902179186922865,59.71595008342159,58.44978550502232,57.18362092662305,-10760000.0,True,False,True,False,0,0
2017-12-29,59.11750030517578,59.20000076293945,58.375,58.4734992980957,53768000,53.768556181815065,59.610100167349486,58.80292865208217,57.99575713681486,16934000.0,True,False,True,False,-1,0
2018-01-18,64.69750213623047,65.2300033569336,64.20099639892578,64.66600036621094,80538000,76.24561373635376,66.72632334389017,62.201678139822825,57.67703293575548,-24538000.0,True,False,True,False,0,0
2018-02-09,68.67449951171875,69.17500305175781,63.29650115966797,66.9800033569336,282830000,50.09019651295484,73.39037195474576,69.8789645603725,66.36755716599923,111258000.0,True,False,True,False,-1,0
2018-02-16,72.86849975585938,73.29000091552734,72.3280029296875,72.43450164794922,89452000,62.1041512366601,74.47041370029328,70.75221415928432,67.03401461827536,-23602000.0,True,False,True,False,-1,0
2018-03-01,75.68000030517578,75.92449951171875,73.25,74.67250061035156,136704000,62.98299657807619,78.16241574466468,73.13671493530273,68.11101412594078,46404000.0,True,False,True,False,0,0
2018-03-19,77.72650146484375,78.08300018310547,76.26750183105469,77.24649810791016,131616000,58.847198578841166,80.92835724163773,77.57017844063895,74.21199963964018,23116000.0,True,False,True,False,0,0
2018-03-23,76.95050048828125,77.45099639892578,74.76799774169922,74.77799987792969,160120000,45.7897370434358,80.9552736538236,78.20978655133929,75.46429944885499,33708000.0,True,False,True,False,1,0
2018-04-02,70.88099670410156,71.06800079345703,67.75,68.59950256347656,209272000,34.47737715162314,83.06620395641019,76.39507130214146,69.72393864787273,-42350000.0,True,False,True,False,0,0
2018-04-24,76.79000091552734,76.9749984741211,72.42250061035156,73.00450134277344,149894000,47.34840321505638,78.14518801723837,73.36121313912528,68.5772382610122,60586000.0,True,False,True,False,-1,0
2018-05-15,79.38999938964844,79.38999938964844,78.26100158691406,78.80599975585938,101550000,55.64173054783428,81.4114890718359,79.11378642490932,76.81608377798274,51360000.0,True,False,True,False,0,0
2018-05-18,79.06649780273438,79.17949676513672,78.6050033569336,78.71849822998047,52852000,54.48830654203297,80.74675791980751,79.42342867170062,78.10009942359373,9900000.0,True,False,True,False,0,0
2018-06-08,84.05599975585938,84.47200012207031,83.65049743652344,84.19950103759766,59102000,70.96391270626083,85.86027760208461,81.8625717163086,77.86486583053258,-16212000.0,True,False,True,False,0,0
2018-06-27,85.40550231933594,85.59750366210938,83.0,83.02549743652344,97444000,47.676862513652715,87.86126976431993,85.30657087053571,82.75187197675149,9712000.0,True,False,True,False,0,0
2018-07-03,86.197998046875,86.25,84.6240005493164,84.697998046875,43546000,53.286553270090245,87.88521247722753,85.42182104928153,82.95842962133554,-20168000.0,True,False,True,False,-1,0
2018-07-23,90.6104965209961,90.94999694824219,88.49949645996094,90.0999984741211,77770000,62.64715352577521,93.97336731964744,88.88953563145229,83.80570394325714,82000.0,True,False,True,False,0,0
2018-07-31,89.32450103759766,90.09149932861328,86.96600341796875,88.87200164794922,114774000,51.16537201653607,93.10725820508442,90.79442814418248,88.48159808328053,-16472000.0,True,False,True,False,0,0
2018-08-10,94.42549896240234,94.9749984741211,93.9104995727539,94.31500244140625,72798000,65.05958545297764,95.61409971824094,91.82549939836774,88.03689907849454,-24410000.0,True,False,True,False,0,0
2018-08-20,94.52850341796875,94.5875015258789,93.3030014038086,93.83550262451172,57240000,58.45361861229781,96.71259371671995,93.50099890572685,90.28940409473374,-24846000.0,True,False,True,False,1,0
2018-09-10,98.55000305175781,98.6520004272461,96.57599639892578,96.95050048828125,90896000,54.27471964653393,102.35777263437046,97.69292831420898,93.0280839940475,-6956000.0,True,False,True,False,0,0
2018-09-17,97.73650360107422,97.84100341796875,94.37049865722656,95.40149688720703,141004000,45.597790045144556,102.24041698757335,98.83917781284877,95.4379386381242,68164000.0,True,False,True,False,0,0
2018-09-21,97.71099853515625,97.8655014038086,95.5250015258789,95.75050354003906,137118000,46.98569293777767,101.5525653534913,98.05621337890625,94.5598614043212,74020000.0,True,False,True,False,0,0
2018-10-11,86.19999694824219,87.7699966430664,84.25499725341797,85.96800231933594,278718000,24.788477028584285,104.56284260168556,95.84496470860073,87.1270868155159,58940000.0,True,False,True,False,0,0
2018-10-19,89.25800323486328,90.45500183105469,87.6500015258789,88.20149993896484,118144000,37.837302902454574,99.2242630949779,91.67317853655133,84.12209397812477,664000.0,True,False,True,False,0,0
2018-10-30,74.30799865722656,77.04949951171875,73.81800079345703,76.52100372314453,249202000,30.460786692688867,95.6486813283236,86.32800020490374,77.00731908148389,-28120000.0,True,False,True,False,0,0
2018-11-05,82.87850189208984,82.90450286865234,79.81800079345703,81.38999938964844,112494000,40.466571994152645,93.73725593951842,84.42796380179269,75.11867166406695,-26616000.0,True,False,True,False,0,0
2018-11-20,71.875,76.73750305175781,71.0,74.77300262451172,217576000,33.85440010352834,89.13108924627589,81.82903562273297,74.52698199919006,61776000.0,True,False,True,False,0,0
2018-12-07,85.25350189208984,85.94650268554688,81.27300262451172,81.45649719238281,151522000,47.53439737015378,89.05167625162608,80.690249306815,72.32882236200393,-24266000.0,True,False,True,False,0,0
2018-12-24,67.30000305175781,69.80149841308594,65.3499984741211,67.197998046875,144400000,29.222786071300643,89.2519636735853,78.37332044328961,67.49467721299393,-128406000.0,True,False,True,False,0,0
2019-01-14,80.75,82.41000366210938,79.75749969482422,80.8604965209961,120118000,53.58577649629912,86.90000572162293,77.60996409824916,68.3199224748754,26394000.0,True,False,True,False,0,0
2019-01-22,84.05000305175781,84.09349822998047,80.51000213623047,81.6084976196289,128336000,52.30583910723347,87.21432733271459,81.62224960327148,76.03017187382838,7926000.0,True,False,True,False,0,0
2019-01-29,81.5634994506836,81.61900329589844,79.53600311279297,79.69400024414062,92656000,46.74104173628692,85.48596538285068,82.68082101004464,79.8756766372386,-4098000.0,True,False,True,False,0,0
2019-02-01,81.94400024414062,83.65299987792969,81.10050201416016,81.3115005493164,230124000,49.6228713421434,86.25457749348506,82.8922140938895,79.52985069429396,11918000.0,True,False,True,False,0,0
2019-02-08,79.30000305175781,79.42949676513672,78.33799743652344,79.41100311279297,113150000,45.39185695624629,85.27490132882765,82.07078552246094,78.86666971609422,20618000.0,True,False,True,False,0,0
2019-02-15,81.39299774169922,81.44550323486328,80.2249984741211,80.39749908447266,86878000,47.566480958304616,84.96022497081312,81.58517837524414,78.21013177967517,4468000.0,True,False,True,False,-1,0
2019-02-21,80.99250030517578,81.1780014038086,80.04550170898438,80.97200012207031,69668000,49.081284128639275,83.02532638908504,81.17832129342216,79.33131619775928,2916000.0,True,False,True,False,0,0
2019-03-08,80.20050048828125,81.13600158691406,79.32849884033203,81.04000091552734,93340000,46.227153794971585,84.778483978403,82.2393935067313,79.7003030350596,-5800000.0,True,False,True,False,-1,0
2019-03-22,90.50849914550781,90.9489974975586,88.15550231933594,88.2385025024414,127260000,61.64185797077347,91.25397266899753,85.45192773001534,79.64988279103315,11904000.0,True,False,True,False,0,0
2019-03-27,89.20649719238281,89.375,87.28399658203125,88.28500366210938,86496000,60.107759532984375,92.21514892847993,86.65332085745675,81.09149278643356,-10822000.0,True,False,True,False,-1,0
2019-04-09,92.27449798583984,92.65450286865234,91.58899688720703,91.79199981689453,74288000,66.81031074863125,92.98277843353729,90.1879643031529,87.3931501727685,-768000.0,True,False,True,False,-1,0
2019-04-12,92.41999816894531,92.57499694824219,92.06500244140625,92.15299987792969,62288000,67.10563150447291,93.63998302642874,90.81714303152901,87.99430303662929,9192000.0,True,False,True,False,-1,0
2019-04-18,93.43949890136719,93.54100036621094,92.9739990234375,93.08450317382812,54998000,69.49252622476007,93.68994194486172,91.99853570120675,90.30712945755178,-2872000.0,True,False,True,False,0,0
2019-05-02,95.66649627685547,96.07749938964844,94.09349822998047,95.04100036621094,79258000,60.877293312209666,98.04469193526445,94.71600014822823,91.38730836119201,16918000.0,True,False,True,False,0,0
2019-05-13,91.8280029296875,92.3270034790039,90.9000015258789,91.13400268554688,115668000,40.336841079160266,99.02032548777193,95.70082146780831,92.3813174478447,1308000.0,True,False,True,False,0,0
2019-05-23,91.82949829101562,92.19999694824219,90.20999908447266,90.77400207519531,88486000,40.7075241535289,97.62559784904114,93.86192866734096,90.09825948564078,29754000.0,True,False,True,False,1,0
2019-06-03,88.00050354003906,88.31449890136719,83.5999984741211,84.6344985961914,181974000,27.18732545210156,96.52624281111477,91.58025087629046,86.63425894146616,89598000.0,True,False,True,False,0,0
2019-06-12,92.6989974975586,93.25,92.21900177001953,92.76599884033203,53566000,54.42030668760564,95.0509143602303,89.94485800606864,84.83880165190699,-27288000.0,True,False,True,False,0,0
2019-06-25,95.59200286865234,95.81950378417969,93.62100219726562,93.91349792480469,60246000,53.514439962747915,97.93345854754985,93.55664225987026,89.17982597219067,14586000.0,True,False,True,False,-1,0
2019-06-28,95.45500183105469,95.64700317382812,94.19999694824219,94.68150329589844,60748000,55.518994754169505,96.5121902152004,94.54492786952427,92.57766552384814,17914000.0,True,False,True,False,0,0
2019-07-19,99.56050109863281,99.80000305175781,98.11150360107422,98.22599792480469,63712000,55.45566232465149,102.10152187975122,98.83517783028739,95.56883378082357,-6026000.0,True,False,True,False,0,0
2019-08-05,88.51100158691406,89.43350219726562,87.43900299072266,88.25650024414062,121164000,23.770412838716652,103.37608108282399,96.26321356637138,89.15034604991877,22040000.0,True,False,True,False,0,0
2019-08-23,89.65149688720703,90.24500274658203,87.2614974975586,87.48100280761719,105416000,36.78824959839331,92.14842542828335,89.84975106375558,87.5510766992278,52346000.0,True,False,True,False,0,0
2019-09-10,91.13749694824219,91.29049682617188,90.26699829101562,91.02749633789062,52278000,50.36653073080222,92.71847849693224,89.82874952043805,86.93902054394387,-7712000.0,True,False,True,False,0,0
2019-09-16,91.20099639892578,91.28450012207031,90.01000213623047,90.39199829101562,73510000,47.136271412534576,93.20188261955859,90.42528479439872,87.64868696923885,34084000.0,True,False,True,False,1,0
2019-09-27,87.4000015258789,87.45600128173828,85.69100189208984,86.27249908447266,78144000,35.3706239531832,93.54528265690233,89.82310594831195,86.10092923972157,7408000.0,True,False,True,False,1,0
2019-10-02,86.38700103759766,86.44450378417969,85.25,85.6614990234375,66022000,34.47760799896205,92.85442199378319,88.74346378871373,84.63250558364426,4332000.0,True,False,True,False,0,0
2019-10-08,86.12449645996094,86.3499984741211,85.25,85.27549743652344,50840000,35.6873008028512,90.54467931691445,87.36864198957171,84.19260466222897,7746000.0,True,False,True,False,0,0
2019-10-18,89.38999938964844,89.6989974975586,87.45999908447266,87.87550354003906,67250000,48.960501472266365,89.31802714431805,86.9697151184082,84.62140309249835,14302000.0,True,False,True,False,-1,0
2019-10-25,84.87750244140625,88.21050262451172,84.75,88.06649780273438,192528000,49.245171030207594,90.2760314337933,87.71992874145508,85.16382604911685,103606000.0,True,False,True,False,0,0
2019-11-15,88.00250244140625,88.08399963378906,86.64299774169922,86.97450256347656,78552000,40.33357725823199,90.73427377155323,88.87096459524972,87.0076554189462,33256000.0,True,False,True,False,1,0
2019-11-21,87.1500015258789,87.34349822998047,86.51799774169922,86.7354965209961,53258000,39.87970879825377,90.72077300868993,88.42367935180664,86.12658569492335,-2542000.0,True,False,True,False,0,0
2019-12-05,88.17500305175781,88.17500305175781,87.0,87.02400207519531,56476000,42.214687991888425,90.76795170075623,88.26282228742328,85.75769287409032,3074000.0,True,False,True,False,-1,0
2019-12-10,87.37000274658203,87.53350067138672,86.75,86.96050262451172,50286000,42.41857991480277,90.77040136625052,88.24678639003209,85.72317141381365,1430000.0,True,False,True,False,0,0
2019-12-30,93.69999694824219,94.19999694824219,92.03099822998047,92.34449768066406,73494000,64.51947171745327,93.62346979192927,89.64124952043805,85.65902924894684,-50238000.0,True,False,True,False,0,0
2020-01-27,91.0,92.05000305175781,90.76699829101562,91.41699981689453,70570000,44.13229113215501,95.88726113449171,93.93742861066546,91.98759608683922,-4754000.0,True,False,True,False,0,0
2020-02-14,107.78399658203125,107.9520034790039,106.29450225830078,106.74349975585938,52124000,74.90105511411976,112.5376266482978,101.94053486415318,91.34344308000856,-8512000.0,True,False,True,False,0,0
2020-02-28,90.73149871826172,94.48799896240234,90.55650329589844,94.1875,189620000,34.74650685319339,113.85426557452348,103.69314302716937,93.53202047981526,26740000.0,True,False,True,False,1,1
2020-03-09,88.69300079345703,93.13849639892578,88.06449890136719,90.03050231933594,156264000,34.23730341661748,108.81044394649564,98.61949975149972,88.4285555565038,50792000.0,True,False,True,False,1,1
2020-03-12,86.0989990234375,88.25,83.75,83.83049774169922,226924000,31.52339526017544,103.37100882837925,94.94092832292829,86.51084781747733,114428000.0,True,False,True,False,0,0
2020-03-25,96.03450012207031,97.51300048828125,94.28900146484375,94.29199981689453,129582000,49.503990082697555,99.15016083652417,91.63846370152065,84.12676656651713,-13360000.0,True,False,True,False,-1,0
2020-04-03,95.55750274658203,96.31649780273438,94.4574966430664,95.32949829101562,72198000,49.97469222479978,99.50372394819591,94.98574938092914,90.46777481366236,-14522000.0,True,False,True,False,-1,0
2020-04-21,120.83049774169922,121.41549682617188,113.98300170898438,116.40599822998047,149534000,66.93331413150887,126.14608468681917,107.47449983869281,88.80291499056645,34120000.0,True,False,True,False,0,0
2020-04-28,118.6050033569336,118.67500305175781,115.30000305175781,115.7040023803711,105388000,60.71423906465835,127.25778812200568,115.04925046648297,102.84071281096027,-7524000.0,True,False,True,False,1,0
2020-05-01,116.83999633789062,118.12200164794922,112.90950012207031,114.302001953125,195452000,54.096002280273325,123.40901751255947,118.18539319719586,112.96176888183226,4760000.0,True,False,True,False,0,0
2020-05-12,120.59249877929688,120.94999694824219,117.75,117.84750366210938,61498000,56.49758316383037,123.03944717602874,118.32400076729911,113.60855435856948,-3686000.0,True,False,True,False,0,0
2020-05-28,119.21649932861328,121.84850311279297,118.9114990234375,120.05500030517578,63804000,54.911188786005674,124.26055709566171,120.7236077444894,117.18665839331709,-37334000.0,True,False,True,False,-1,0
2020-06-04,123.87149810791016,125.37699890136719,122.50050354003906,123.02999877929688,58974000,59.33464885155962,125.02739659309523,122.23250034877232,119.4376041044494,5554000.0,True,False,True,False,-1,0
2020-06-12,130.0605010986328,131.07400512695312,125.1675033569336,127.2509994506836,108722000,59.950844799310346,131.69815948319942,124.7018574305943,117.70555537798919,-7280000.0,True,False,True,False,-1,0
2020-06-29,134.50050354003906,134.83999633789062,131.50399780273438,134.0189971923828,84468000,60.968360949508074,139.7825456030327,133.03146471296037,126.28038382288804,-45548000.0,True,False,True,False,0,0
2020-07-17,150.4499969482422,151.1999969482422,147.42250061035156,148.09849548339844,95226000,57.80927674651244,163.96101011804188,149.59942626953125,135.23784242102062,-32658000.0,True,False,True,False,0,0
2020-07-23,154.9134979248047,154.9134979248047,148.5,149.32749938964844,113138000,53.87661890513381,161.67866135926013,153.93296269008093,146.18726402090172,31054000.0,True,False,True,False,0,0
2020-07-28,152.7135009765625,153.85450744628906,149.78799438476562,150.01649475097656,62534000,53.777136089570135,161.62066462816813,153.66931915283203,145.71797367749593,-20876000.0,True,False,True,False,0,0
2020-08-11,155.66000366210938,157.96099853515625,153.64999389648438,154.0334930419922,74362000,52.65033717093929,162.45946463374045,154.92189025878906,147.38431588383767,11016000.0,True,False,True,False,-1,0
2020-08-14,158.90899658203125,158.91200256347656,156.0,157.4010009765625,55034000,56.41739043921225,162.68889531405853,156.42406899588448,150.15924267771044,-7946000.0,True,False,True,False,0,0
2020-09-08,157.1999969482422,162.54249572753906,156.5,157.49200439453125,121884000,42.82728116531223,177.9078116271518,167.97914123535156,158.05047084355132,-53752000.0,True,False,True,False,0,0
2020-09-18,151.58700561523438,151.88999938964844,145.27699279785156,147.74549865722656,177852000,35.84869429422906,178.75608865345308,161.26703425816126,143.77797986286944,48870000.0,True,False,True,False,0,0
2020-10-06,158.25,159.10000610351562,154.5,154.9980010986328,101738000,47.22313942372617,163.03507818211133,154.5748563494001,146.11463451668888,26232000.0,True,False,True,False,0,0
2020-10-22,159.49349975585938,159.9375,156.0970001220703,158.82000732421875,84240000,47.112777064758944,172.94342548241818,162.9258575439453,152.90828960547245,-7614000.0,True,False,True,False,0,0
2020-11-02,153.08700561523438,153.98550415039062,147.50599670410156,150.2239990234375,145148000,38.68831669819482,169.75296678394812,160.26007189069475,150.76717699744137,-22580000.0,True,False,True,False,0,0
2020-11-10,154.75100708007812,155.6999969482422,150.9739990234375,151.75100708007812,131820000,42.42776586660489,168.71426843372123,158.53675188337053,148.35923533301983,-11988000.0,True,False,True,False,-1,0
2020-11-23,155.8350067138672,156.9875030517578,153.2729949951172,154.91949462890625,94178000,45.817986957632755,165.4979867216472,157.55985804966517,149.62172937768312,26690000.0,True,False,True,False,-1,0
2020-11-30,160.4239959716797,161.41949462890625,156.27749633789062,158.40199279785156,81278000,51.00418579169095,160.16556735360643,156.30357142857142,152.4415755035364,33420000.0,True,False,True,False,0,0
2020-12-10,154.44949340820312,157.10499572753906,153.8000030517578,155.07449340820312,60604000,44.114376414989074,161.9163969395862,157.77928379603796,153.6421706524897,-21412000.0,True,False,True,False,0,0
2020-12-18,162.19949340820312,162.4709930419922,158.5800018310547,160.08250427246094,119914000,53.672189351900826,163.03066434012538,158.6824994768415,154.33433461355764,50428000.0,True,False,True,False,0,0
2020-12-24,159.69500732421875,160.10000610351562,158.4499969482422,158.63450622558594,29038000,49.70158259874205,162.93397362469483,158.67442975725447,154.41488588981412,-12838000.0,True,False,True,False,1,0
2021-01-06,157.32400512695312,159.87550354003906,156.55799865722656,156.91900634765625,87896000,44.101346078353835,166.0420919882385,161.22003827776228,156.39798456728607,34786000.0,True,False,True,False,1,0
2021-01-11,157.40049743652344,157.81900024414062,155.5,155.7104949951172,73668000,42.629250826563805,166.16371555242878,160.43567984444755,154.7076441364663,2914000.0,True,False,True,False,0,0
2021-01-15,156.1510009765625,157.12750244140625,154.7584991455078,155.21249389648438,84880000,42.67309418830541,166.4322340751626,159.53489249093192,152.63755090670125,23462000.0,True,False,True,False,0,0
2021-01-29,161.5,161.84950256347656,159.2274932861328,160.30999755859375,85872000,49.34764013597906,168.23156589168025,160.4019274030413,152.57228891440235,22888000.0,True,False,True,False,-1,0
2021-02-03,171.25050354003906,171.6999969482422,165.43099975585938,165.62649536132812,141776000,56.086505403512085,171.01553811578398,162.66792733328683,154.32031655078967,-196000.0,True,False,True,False,0,0
2021-02-11,164.60000610351562,164.60000610351562,162.4029998779297,163.10650634765625,46028000,49.89102296620811,169.7656512675073,164.97049931117468,160.17534735484205,-17004000.0,True,False,True,False,1,0
2021-02-25,156.83700561523438,158.91299438476562,152.38800048828125,152.85800170898438,90676000,33.29633709297362,170.4389515352865,162.69342912946428,154.94790672364206,30450000.0,True,False,True,False,1,1
2021-03-08,150.75,153.22950744628906,147.5655059814453,147.59750366210938,83700000,32.199348150872545,167.83934294806204,156.24028669084822,144.6412304336344,-24072000.0,True,False,True,False,0,0
2021-03-15,153.72850036621094,154.11199951171875,151.60450744628906,154.08399963378906,58272000,45.42476644788679,159.0779851536822,153.18042973109655,147.2828743085109,9834000.0,True,False,True,False,0,0
2021-03-18,155.0500030517578,155.8314971923828,151.25,151.39950561523438,72992000,41.92746795796467,158.6977649782267,152.98743002755302,147.27709507687933,10620000.0,True,False,True,False,0,0
2021-03-25,153.64950561523438,155.48899841308594,151.85699462890625,152.31300354003906,71270000,44.162650367961255,158.4217561555319,153.8194307599749,149.21710536441788,12090000.0,True,False,True,False,-1,0
2021-04-14,170.20199584960938,170.2064971923828,166.3000030517578,166.64999389648438,62904000,62.60064567794138,173.49230312612337,160.70792715890067,147.92355119167797,-3412000.0,True,False,True,False,0,0
2021-04-22,168.58399963378906,168.64349365234375,165.07249450683594,165.45199584960938,51612000,55.13418035343888,172.34063056253217,166.67899758475167,161.01736460697117,7388000.0,True,False,True,False,1,0
2021-05-05,166.9429931640625,167.73500061035156,163.21800231933594,163.52699279785156,74226000,45.192144270135884,174.96817062510266,168.96657126290458,162.9649719007065,-34562000.0,True,False,True,False,1,0
2021-05-12,159.25,160.39700317382812,156.65499877929688,157.5970001220703,98728000,37.77055639406811,176.79368553320387,166.777715410505,156.76174528780615,6332000.0,True,False,True,False,0,0
2021-05-21,162.5,162.83450317382812,159.85049438476562,160.1540069580078,82098000,43.84347517745329,166.65673182391768,161.84403664725167,157.03134147058566,29434000.0,True,False,True,False,0,0
2021-06-03,160.2115020751953,160.7220001220703,159.20150756835938,159.35049438476562,47966000,42.29215572066652,163.8981339373279,161.67914145333427,159.46014896934062,7676000.0,True,False,True,False,0,0
2021-06-21,173.8209991455078,174.10000610351562,171.6999969482422,172.697998046875,65542000,66.24959698830042,176.9896480729904,166.71185629708427,156.43406452117813,-39412000.0,True,False,True,False,0,0
2021-06-25,173.1999969482422,173.24099731445312,169.70899963378906,170.072998046875,78820000,54.86207739142214,177.99144478698975,170.40674918038505,162.82205357378035,2180000.0,True,False,True,False,0,0
2021-07-01,171.73049926757812,172.85000610351562,170.4709930419922,171.64849853515625,40742000,57.14503457960911,176.1897745640949,172.27610560825892,168.36243665242293,-7338000.0,True,False,True,False,0,0
2021-07-19,176.62899780273438,177.510498046875,174.95799255371094,177.47950744628906,75692000,52.27872257277354,191.04848695273438,180.31189182826452,169.57529670379466,-5182000.0,True,False,True,False,0,0
2021-07-30,167.3975067138672,168.40699768066406,165.3489990234375,166.37950134277344,199312000,32.81082919826102,188.9662228504152,180.18057250976562,171.39492216911606,88912000.0,True,False,True,False,1,1
2021-08-11,166.57249450683594,166.88499450683594,163.88949584960938,164.60549926757812,58944000,32.750604804979574,187.17555975788542,172.38825007847376,157.6009403990621,10692000.0,True,False,True,False,1,1
2021-08-19,159.7010040283203,161.64999389648438,159.1230010986328,159.3874969482422,75658000,26.72504777331739,170.80191259222852,165.19792829241072,159.59394399259293,19572000.0,True,False,True,False,0,0
2021-09-02,174.73800659179688,175.59800720214844,172.75,173.156005859375,58474000,60.12214229785906,175.9228054553231,166.07432338169642,156.22584130806973,-14124000.0,True,False,True,False,0,0
2021-09-14,173.77749633789062,174.3404998779297,171.885498046875,172.5,38738000,54.37219276269618,178.7776108100692,172.04503631591797,165.31246182176673,-12642000.0,True,False,True,False,1,0
2021-09-21,168.75,168.98500061035156,166.6195068359375,167.18150329589844,55618000,40.27023362472249,177.90809579687388,173.00482177734375,168.10154775781362,-37764000.0,True,False,True,False,1,0
2021-10-04,163.96949768066406,163.99949645996094,158.8125,159.48899841308594,90462000,28.94692891217713,176.592699389464,168.31585802350725,160.0390166575505,33750000.0,True,False,True,False,0,0
2021-10-11,163.75,164.62950134277344,161.90499877929688,162.31500244140625,40684000,39.363729739059316,172.47685129913177,165.4388929094587,158.40093451978564,720000.0,True,False,True,False,-1,0
2021-10-25,166.75,167.38999938964844,164.88499450683594,166.01849365234375,44520000,46.327100535450555,174.1994106354221,166.9168940952846,159.63437755514707,-18262000.0,True,False,True,False,0,0
2021-11-02,165.75050354003906,166.55599975585938,164.17750549316406,165.6374969482422,52552000,45.38313209559942,174.26802203019844,169.01492963518416,163.76183724016988,-19626000.0,True,False,True,False,0,0
2021-11-11,175.64999389648438,177.16200256347656,173.37350463867188,173.625,45288000,55.03792975552621,179.10742078304247,171.20907047816686,163.31072017329126,-35260000.0,True,False,True,False,-1,0
2021-11-22,183.81900024414062,185.67300415039062,178.375,178.6284942626953,96844000,56.80420493621288,184.58645997822342,176.80528477260046,169.0241095669775,-1890000.0,True,False,True,False,0,0
2021-12-03,172.75,173.49349975585938,166.92999267578125,169.489501953125,80712000,41.78179506770869,185.22006470222684,177.08964211600167,168.9592195297765,15986000.0,True,False,True,False,1,0
2021-12-20,166.85000610351562,167.87449645996094,165.60000610351562,167.07899475097656,57372000,41.130108613389986,176.81042203829298,171.53993116106307,166.26944028383315,-28170000.0,True,False,True,False,1,0
2021-12-31,168.95599365234375,169.35000610351562,166.55850219726562,166.7169952392578,47830000,40.875542370539854,172.89592005432416,169.6683578491211,166.44079564391802,10246000.0,True,False,True,False,1,0
2022-01-10,160.5854949951172,161.6614990234375,156.30450439453125,161.48599243164062,87798000,35.28215359240437,174.1880098949371,167.6423557826451,161.0967016703531,41192000.0,True,False,True,False,1,0
2022-01-26,144.75,145.18499755859375,137.31849670410156,138.87249755859375,95602000,21.59039766720369,174.13998802132136,155.29603467668807,136.45208133205477,4778000.0,True,False,True,False,0,0
2022-02-03,141.7375030517578,144.24749755859375,138.33299255371094,138.8455047607422,225532000,32.15529483247569,162.69131246902808,147.77914210728235,132.86697174553663,138202000.0,True,False,True,False,0,0
2022-02-11,158.13450622558594,159.0,152.73399353027344,153.2935028076172,77100000,47.61748817051285,166.80681536808268,150.2267129080636,133.64661044804453,8832000.0,True,False,True,False,0,0
2022-02-23,151.65049743652344,151.76300048828125,144.6510009765625,144.82699584960938,64244000,39.08102470513023,166.50222415371093,154.38407026018416,142.2659163666574,-1884000.0,True,False,True,False,1,0
2022-03-08,136.68350219726562,140.69949340820312,133.57249450683594,136.01449584960938,91662000,32.993026108625564,161.46476146401875,149.23499952043807,137.00523757685738,4728000.0,True,False,True,False,0,0
2022-03-14,145.9810028076172,147.4499969482422,140.88400268554688,141.85299682617188,74086000,42.30615919439789,157.56884672139168,146.22943006243025,134.89001340346883,5186000.0,True,False,True,False,-1,0
2022-03-31,166.44500732421875,166.4949951171875,162.95350646972656,162.99749755859375,59966000,57.00155749874062,175.89751604897904,160.4734649658203,145.04941388266158,3798000.0,True,False,True,False,0,0
2022-04-12,153.6925048828125,155.0989990234375,150.38299560546875,150.78750610351562,55178000,40.78602248392225,173.8227007586571,161.77849796840124,149.73429517814537,3066000.0,True,False,True,False,1,0
2022-05-11,108.10350036621094,110.15599822998047,104.42849731445312,105.37200164794922,109704000,21.965881778221114,153.66420616121297,126.12439455304828,98.58458294488358,4270000.0,True,False,True,False,0,0
2022-05-24,104.0250015258789,105.4000015258789,101.26000213623047,104.0999984741211,102934000,30.06827293887948,117.05438257963802,109.5745359148298,102.09468925002157,-4864000.0,True,False,True,False,0,0
2022-06-14,104.19000244140625,104.87999725341797,101.43000030517578,102.30999755859375,69728800,33.476481868273396,131.3057823968681,115.964535849435,100.6232893020019,-29548900.0,True,False,True,False,0,0
2022-06-30,108.11000061035156,108.18000030517578,102.5199966430664,106.20999908447266,97679400,42.30411237889801,115.79535566529418,108.24714279174805,100.69892991820191,31304100.0,True,False,True,False,-1,0
2022-07-12,112.16000366210938,113.2300033569336,108.33999633789062,109.22000122070312,54280300,45.28974474194628,118.17204023204576,111.70214298793248,105.23224574381919,792700.0,True,False,True,False,-1,0
2022-07-26,115.79000091552734,118.1500015258789,114.52999877929688,114.80999755859375,67075100,49.07857197564911,125.78879226283922,116.08285685947963,106.37692145612004,16853800.0,True,False,True,False,-1,0
2022-08-02,134.72000122070312,137.44000244140625,134.08999633789062,134.16000366210938,61922400,66.67182408206813,137.60073276719035,122.11928503853935,106.63783730988834,-14924500.0,True,False,True,False,0,0
2022-08-09,138.0500030517578,138.9499969482422,136.2100067138672,137.8300018310547,40434700,64.80750933065175,148.6193571624053,130.77714375087194,112.93493033933858,-11794300.0,True,False,True,False,0,0
2022-08-22,135.72000122070312,136.32000732421875,132.85000610351562,133.22000122070312,50461500,49.925040277044154,146.53431420153663,140.77285875592912,135.0114033103216,2668700.0,True,False,True,False,1,0
2022-08-31,129.4499969482422,130.58999633789062,126.73999786376953,126.7699966430664,53648700,41.52835497913183,148.129352967442,136.29285594395228,124.45635892046255,4445700.0,True,False,True,False,1,0
2022-09-06,127.91999816894531,128.6199951171875,124.73999786376953,126.11000061035156,43888600,40.97968161227033,143.29640257055573,132.71642793927873,122.13645330800172,-13541200.0,True,False,True,False,1,0
2022-09-23,116.0,116.05000305175781,112.05999755859375,113.77999877929688,65126700,31.200408676380682,137.38000837584934,125.48500061035156,113.58999284485378,9897500.0,True,False,True,False,0,0
2022-09-30,114.08000183105469,116.91999816894531,112.83999633789062,113.0,59479600,34.505019355263535,130.2106715884885,119.78785814557757,109.36504470266665,509900.0,True,False,True,False,0,0
2022-10-11,112.70999908447266,115.4800033569336,110.38999938964844,112.20999908447266,56432200,36.998623516257915,121.8137884445872,116.07999965122768,110.34621085786816,14092500.0,True,False,True,False,1,0
2022-10-14,114.0999984741211,114.95999908447266,106.5999984741211,106.9000015258789,67737300,31.59239408962166,122.65640798381925,115.08642850603376,107.51644902824826,-19130800.0,True,False,True,False,1,0
2022-11-03,92.47000122070312,93.5,89.0199966430664,89.30000305175781,136683300,23.622465109795733,129.73159691473265,109.34928676060268,88.96697660647271,921500.0,True,False,True,False,1,1
2022-11-09,89.47000122070312,89.4800033569336,85.87000274658203,86.13999938964844,90796200,23.38534101013868,126.88973119886494,102.00357273646763,77.11741427407033,2092800.0,True,False,True,False,0,0
2022-11-21,93.97000122070312,95.0199966430664,90.58999633789062,92.45999908447266,84330300,37.49175646440163,101.92916734677067,93.74785777500698,85.56654820324329,11902100.0,True,False,True,False,-1,0
2022-11-29,94.04000091552734,94.41000366210938,91.44000244140625,92.41999816894531,65567300,38.53903551866444,101.6817682197111,94.76214218139648,87.84251614308187,-9375800.0,True,False,True,False,1,0
2022-12-06,90.5,91.04000091552734,87.9000015258789,88.25,75503600,35.14004070210401,97.97225789491578,93.65071378435407,89.32916967379235,3968100.0,True,False,True,False,1,0
2022-12-19,87.51000213623047,87.62999725341797,84.51000213623047,84.91999816894531,83531500,33.98310638295691,96.82595058225131,90.6557137625558,84.4854769428603,-62612600.0,True,False,True,False,1,0
2022-12-28,82.80000305175781,83.4800033569336,81.69000244140625,81.81999969482422,58228600,33.23977673563988,93.66103482887424,87.2249995640346,80.78896429919497,944600.0,True,False,True,False,0,0
2023-01-05,85.33000183105469,85.41999816894531,83.06999969482422,83.12000274658203,67930800,38.600159646456724,88.52355241979471,84.95357131958008,81.38359021936544,-954300.0,True,False,True,False,-1,0
2023-01-19,94.73999786376953,95.44000244140625,92.86000061035156,93.68000030517578,69002700,55.84779462494483,100.36797510492198,89.94571467808315,79.52345425124432,-10567700.0,True,False,True,False,-1,0
2023-01-24,96.93000030517578,98.08999633789062,96.0,96.31999969482422,66929500,58.95463268724731,102.56148162937255,92.59500013078961,82.62851863220668,-9571600.0,True,False,True,False,0,0
2023-02-10,97.55999755859375,98.81999969482422,96.2300033569336,97.61000061035156,52740100,49.348634521381854,109.56456391306594,101.4485718863351,93.33257985960427,-11882400.0,True,False,True,False,0,0
2023-02-21,95.33999633789062,95.61000061035156,94.2699966430664,94.58000183105469,56580400,43.67017611058063,109.3864759842836,100.85500063214984,92.32352528001607,-3449000.0,True,False,True,False,1,0
2023-02-24,93.52999877929688,94.13999938964844,92.31999969482422,93.5,57053800,42.158400918348704,103.47815607191423,98.25928606305804,93.04041605420186,8586800.0,True,False,True,False,1,0
2023-03-02,91.41000366210938,92.2300033569336,90.38999938964844,92.12999725341797,55509400,40.09621247908883,101.63809088636016,96.0957145690918,90.55333825182343,3209900.0,True,False,True,False,1,0
2023-03-10,92.66999816894531,93.56999969482422,90.25,90.7300033569336,69827500,38.651739589443274,96.4346075978881,93.64857210431781,90.86253661074751,13608800.0,True,False,True,False,0,0
2023-03-20,98.41000366210938,98.4800033569336,95.69999694824219,97.70999908447266,62388900,54.50612179903595,99.89876811461184,94.54357092721122,89.1883737398106,-24911300.0,True,False,True,False,0,0
2023-03-28,98.11000061035156,98.44000244140625,96.29000091552734,97.23999786376953,38720100,51.36813061099728,102.65988067910915,96.75857053484235,90.85726039057555,-8001200.0,True,False,True,False,0,0
2023-04-05,103.91000366210938,103.91000366210938,100.75,101.0999984741211,45175400,55.85805836367407,104.30198004259648,100.07785633632115,95.85373263004581,-3487100.0,True,False,True,False,0,0
2023-04-12,100.4000015258789,100.51000213623047,97.70999908447266,97.83000183105469,56735000,46.726350641880444,104.789814479384,100.50714220319476,96.22446992700552,-3682800.0,True,False,True,False,0,0
2023-04-18,103.94999694824219,104.19999694824219,101.5199966430664,102.30000305175781,39790500,56.12048404272851,104.78734900433702,101.78071430751255,98.77407961068809,-129000.0,True,False,True,False,0,0
2023-04-25,104.91000366210938,105.44999694824219,102.44999694824219,102.56999969482422,65026800,52.59358196961023,107.080784322114,102.63428551810128,98.18778671408856,-4548800.0,True,False,True,False,0,0
2023-05-01,104.94999694824219,105.2300033569336,101.81999969482422,102.05000305175781,74728100,49.23296975071508,109.29207450708682,103.85214342389789,98.41221234070895,-55836900.0,True,False,True,False,0,0
2023-06-07,127.01000213623047,127.37000274658203,120.62999725341797,121.2300033569336,95663300,60.32107942191802,127.55849141473513,119.90428652082171,112.2500816269083,49968100.0,True,False,True,False,0,0
2023-06-21,125.63999938964844,126.7300033569336,123.8499984741211,124.83000183105469,52137700,60.2941960242478,128.34454976489278,125.05000032697406,121.75545088905534,-4792400.0,True,False,True,False,-1,0
2023-06-26,129.3300018310547,131.49000549316406,127.0999984741211,127.33000183105469,59989300,60.918259801967835,130.447760960747,126.08500017438617,121.72223938802534,-11865900.0,True,False,True,False,0,0
2023-06-29,128.77000427246094,129.25999450683594,127.26000213623047,127.9000015258789,40761000,60.26298096111198,130.7496625400888,127.08714185442243,123.42462116875606,-11388500.0,True,False,True,False,0,0
2023-07-10,129.07000732421875,129.27999877929688,125.91999816894531,127.12999725341797,61889300,53.72915034545637,131.94433261109975,128.55499921526228,125.16566581942483,19960600.0,True,False,True,False,1,0
2023-07-26,126.51000213623047,129.0800018310547,126.11000061035156,128.14999389648438,53910100,48.42982029831029,136.10964708850122,130.94714300973075,125.78463893096027,14673400.0,True,False,True,False,0,0
2023-08-02,130.14999389648438,130.22999572753906,126.81999969482422,128.2100067138672,51027600,47.42177868768772,136.10776247315462,131.17928641183036,126.2508103505061,8929100.0,True,False,True,False,-1,0
2023-08-09,139.97000122070312,140.32000732421875,137.10000610351562,137.85000610351562,50017300,59.48556345052304,142.456391466793,132.75785936628068,123.05932726576837,-1693200.0,True,False,True,False,0,0
2023-08-18,131.6199951171875,134.07000732421875,131.14999389648438,133.22000122070312,48469400,48.8166255083128,144.55747071743986,136.13357434953963,127.7096779816394,115300.0,True,False,True,False,1,0
2023-08-24,136.39999389648438,136.77999877929688,131.8300018310547,131.83999633789062,43646300,45.97304545660514,142.59900140734646,136.69857243129186,130.79814345523727,845300.0,True,False,True,False,0,0
2023-09-06,136.32000732421875,137.4499969482422,134.61000061035156,135.36000061035156,41785500,51.43330911191127,138.51057859503007,134.90214211600167,131.29370563697327,1148800.0,True,False,True,False,0,0
2023-10-03,128.05999755859375,128.52000427246094,124.25,124.72000122070312,51565000,35.9333823112181,144.41937289315828,131.92642974853516,119.43348660391203,3535300.0,True,False,True,False,0,0
2023-10-13,132.97999572753906,133.30999755859375,128.9499969482422,129.7899932861328,45786600,47.16952996706942,132.45973046238376,127.98928615025112,123.51884183811849,-9742000.0,True,False,True,False,0,0
2023-10-20,128.0500030517578,128.1699981689453,124.97000122070312,125.16999816894531,56343300,39.630418807840364,133.7752405829528,128.7892848423549,123.80332910175701,-4618100.0,True,False,True,False,1,0
2023-10-26,120.62999725341797,121.63999938964844,118.3499984741211,119.56999969482422,100419500,34.445300561306674,135.60489909665324,128.10642732892717,120.60795556120108,25842000.0,True,False,True,False,0,0
2023-11-09,142.02000427246094,142.64999389648438,139.83999633789062,140.60000610351562,36235400,61.91993843831403,148.13745540872702,133.4585734776088,118.77969154649058,-8286300.0,True,False,True,False,0,0
2023-11-16,140.91000366210938,143.32000732421875,139.52000427246094,142.8300018310547,49653500,60.88592810974799,147.71461294010714,140.18428802490234,132.65396310969754,-14222200.0,True,False,True,False,0,0
2023-11-21,143.91000366210938,144.0500030517578,141.5,143.89999389648438,71226000,60.136292571724795,147.3165987911483,142.49928719656808,137.68197560198786,29274800.0,True,False,True,False,0,0
2023-12-06,147.5800018310547,147.85000610351562,144.27999877929688,144.52000427246094,39679000,54.520610743440244,148.54761431789618,145.85214342389787,143.15667252989957,-7143400.0,True,False,True,False,-1,0
2023-12-11,145.66000366210938,146.19000244140625,143.63999938964844,145.88999938964844,50907300,55.889839264248685,148.4666032297846,146.28428649902344,144.10196976826228,9049300.0,True,False,True,False,-1,0
2023-12-14,149.92999267578125,150.5399932861328,145.52000427246094,147.4199981689453,58400800,57.50970598466253,148.94004199217662,146.74071393694197,144.54138588170733,5634600.0,True,False,True,False,-1,0
2023-12-20,152.89999389648438,155.6300048828125,151.55999755859375,152.1199951171875,50322100,62.67157948464923,154.24703048183073,148.36785670689173,142.48868293195272,7150800.0,True,False,True,False,0,0
